AREACD,AREANM,Geography,Variable Name,Indicator,Period,Observation,Measure,Unit,Lower Confidence Interval (95%),Upper Confidence Interval (95%),Observation Status,Polarity,Notes
e92000001,england,nation,Net additions to the housing stock (England),"Net additions to the housing stock (rate per 1,000 stock)",2023-2024,9.0,"Net additional dwellings per 1,000 stock","Net additional dwellings per 1,000 stock",,,,1,
e12000001,north-east,region,Net additions to the housing stock (England),"Net additions to the housing stock (rate per 1,000 stock)",2023-2024,6.0,"Net additional dwellings per 1,000 stock","Net additional dwellings per 1,000 stock",,,,1,
e06000047,county-durham,county-or-unitary-authority,Net additions to the housing stock (England),"Net additions to the housing stock (rate per 1,000 stock)",2023-2024,5.0,"Net additional dwellings per 1,000 stock","Net additional dwellings per 1,000 stock",,,,1,
e06000005,darlington,county-or-unitary-authority,Net additions to the housing stock (England),"Net additions to the housing stock (rate per 1,000 stock)",2023-2024,7.0,"Net additional dwellings per 1,000 stock","Net additional dwellings per 1,000 stock",,,,1,
e06000001,hartlepool,county-or-unitary-authority,Net additions to the housing stock (England),"Net additions to the housing stock (rate per 1,000 stock)",2023-2024,13.0,"Net additional dwellings per 1,000 stock","Net additional dwellings per 1,000 stock",,,,1,
e06000002,middlesbrough,county-or-unitary-authority,Net additions to the housing stock (England),"Net additions to the housing stock (rate per 1,000 stock)",2023-2024,8.0,"Net additional dwellings per 1,000 stock","Net additional dwellings per 1,000 stock",,,,1,
e06000057,northumberland,county-or-unitary-authority,Net additions to the housing stock (England),"Net additions to the housing stock (rate per 1,000 stock)",2023-2024,9.0,"Net additional dwellings per 1,000 stock","Net additional dwellings per 1,000 stock",,,,1,
e06000003,redcar-and-cleveland,county-or-unitary-authority,Net additions to the housing stock (England),"Net additions to the housing stock (rate per 1,000 stock)",2023-2024,7.0,"Net additional dwellings per 1,000 stock","Net additional dwellings per 1,000 stock",,,,1,
e06000004,stockton-on-tees,county-or-unitary-authority,Net additions to the housing stock (England),"Net additions to the housing stock (rate per 1,000 stock)",2023-2024,7.0,"Net additional dwellings per 1,000 stock","Net additional dwellings per 1,000 stock",,,,1,
e11000007,tyne-and-wear-met-county,county-or-unitary-authority,Net additions to the housing stock (England),"Net additions to the housing stock (rate per 1,000 stock)",2023-2024,5.0,"Net additional dwellings per 1,000 stock","Net additional dwellings per 1,000 stock",,,,1,
e08000037,gateshead,local-authority-district,Net additions to the housing stock (England),"Net additions to the housing stock (rate per 1,000 stock)",2023-2024,4.0,"Net additional dwellings per 1,000 stock","Net additional dwellings per 1,000 stock",,,,1,
e08000021,newcastle-upon-tyne,local-authority-district,Net additions to the housing stock (England),"Net additions to the housing stock (rate per 1,000 stock)",2023-2024,5.0,"Net additional dwellings per 1,000 stock","Net additional dwellings per 1,000 stock",,,,1,
e08000022,north-tyneside,local-authority-district,Net additions to the housing stock (England),"Net additions to the housing stock (rate per 1,000 stock)",2023-2024,4.0,"Net additional dwellings per 1,000 stock","Net additional dwellings per 1,000 stock",,,,1,
e08000023,south-tyneside,local-authority-district,Net additions to the housing stock (England),"Net additions to the housing stock (rate per 1,000 stock)",2023-2024,3.0,"Net additional dwellings per 1,000 stock","Net additional dwellings per 1,000 stock",,,,1,
e08000024,sunderland,local-authority-district,Net additions to the housing stock (England),"Net additions to the housing stock (rate per 1,000 stock)",2023-2024,7.0,"Net additional dwellings per 1,000 stock","Net additional dwellings per 1,000 stock",,,,1,
e12000002,north-west,region,Net additions to the housing stock (England),"Net additions to the housing stock (rate per 1,000 stock)",2023-2024,8.0,"Net additional dwellings per 1,000 stock","Net additional dwellings per 1,000 stock",,,,1,
e06000008,blackburn-with-darwen,county-or-unitary-authority,Net additions to the housing stock (England),"Net additions to the housing stock (rate per 1,000 stock)",2023-2024,9.0,"Net additional dwellings per 1,000 stock","Net additional dwellings per 1,000 stock",,,,1,
e06000009,blackpool,county-or-unitary-authority,Net additions to the housing stock (England),"Net additions to the housing stock (rate per 1,000 stock)",2023-2024,2.0,"Net additional dwellings per 1,000 stock","Net additional dwellings per 1,000 stock",,,,1,
e06000049,cheshire-east,county-or-unitary-authority,Net additions to the housing stock (England),"Net additions to the housing stock (rate per 1,000 stock)",2023-2024,11.0,"Net additional dwellings per 1,000 stock","Net additional dwellings per 1,000 stock",,,,1,
e06000050,cheshire-west-and-chester,county-or-unitary-authority,Net additions to the housing stock (England),"Net additions to the housing stock (rate per 1,000 stock)",2023-2024,8.0,"Net additional dwellings per 1,000 stock","Net additional dwellings per 1,000 stock",,,,1,
e06000006,halton,county-or-unitary-authority,Net additions to the housing stock (England),"Net additions to the housing stock (rate per 1,000 stock)",2023-2024,6.0,"Net additional dwellings per 1,000 stock","Net additional dwellings per 1,000 stock",,,,1,
e06000007,warrington,county-or-unitary-authority,Net additions to the housing stock (England),"Net additions to the housing stock (rate per 1,000 stock)",2023-2024,7.0,"Net additional dwellings per 1,000 stock","Net additional dwellings per 1,000 stock",,,,1,
e11000001,greater-manchester-met-county,county-or-unitary-authority,Net additions to the housing stock (England),"Net additions to the housing stock (rate per 1,000 stock)",2023-2024,8.0,"Net additional dwellings per 1,000 stock","Net additional dwellings per 1,000 stock",,,,1,
e08000001,bolton,local-authority-district,Net additions to the housing stock (England),"Net additions to the housing stock (rate per 1,000 stock)",2023-2024,5.0,"Net additional dwellings per 1,000 stock","Net additional dwellings per 1,000 stock",,,,1,
e08000002,bury,local-authority-district,Net additions to the housing stock (England),"Net additions to the housing stock (rate per 1,000 stock)",2023-2024,3.0,"Net additional dwellings per 1,000 stock","Net additional dwellings per 1,000 stock",,,,1,
e08000003,manchester,local-authority-district,Net additions to the housing stock (England),"Net additions to the housing stock (rate per 1,000 stock)",2023-2024,11.0,"Net additional dwellings per 1,000 stock","Net additional dwellings per 1,000 stock",,,,1,
e08000004,oldham,local-authority-district,Net additions to the housing stock (England),"Net additions to the housing stock (rate per 1,000 stock)",2023-2024,4.0,"Net additional dwellings per 1,000 stock","Net additional dwellings per 1,000 stock",,,,1,
e08000005,rochdale,local-authority-district,Net additions to the housing stock (England),"Net additions to the housing stock (rate per 1,000 stock)",2023-2024,7.0,"Net additional dwellings per 1,000 stock","Net additional dwellings per 1,000 stock",,,,1,
e08000006,salford,local-authority-district,Net additions to the housing stock (England),"Net additions to the housing stock (rate per 1,000 stock)",2023-2024,20.0,"Net additional dwellings per 1,000 stock","Net additional dwellings per 1,000 stock",,,,1,
e08000007,stockport,local-authority-district,Net additions to the housing stock (England),"Net additions to the housing stock (rate per 1,000 stock)",2023-2024,5.0,"Net additional dwellings per 1,000 stock","Net additional dwellings per 1,000 stock",,,,1,
e08000008,tameside,local-authority-district,Net additions to the housing stock (England),"Net additions to the housing stock (rate per 1,000 stock)",2023-2024,6.0,"Net additional dwellings per 1,000 stock","Net additional dwellings per 1,000 stock",,,,1,
e08000009,trafford,local-authority-district,Net additions to the housing stock (England),"Net additions to the housing stock (rate per 1,000 stock)",2023-2024,7.0,"Net additional dwellings per 1,000 stock","Net additional dwellings per 1,000 stock",,,,1,
e08000010,wigan,local-authority-district,Net additions to the housing stock (England),"Net additions to the housing stock (rate per 1,000 stock)",2023-2024,8.0,"Net additional dwellings per 1,000 stock","Net additional dwellings per 1,000 stock",,,,1,
e10000017,lancashire,county-or-unitary-authority,Net additions to the housing stock (England),"Net additions to the housing stock (rate per 1,000 stock)",2023-2024,10.0,"Net additional dwellings per 1,000 stock","Net additional dwellings per 1,000 stock",,,,1,
e07000117,burnley,local-authority-district,Net additions to the housing stock (England),"Net additions to the housing stock (rate per 1,000 stock)",2023-2024,6.0,"Net additional dwellings per 1,000 stock","Net additional dwellings per 1,000 stock",,,,1,
e07000118,chorley,local-authority-district,Net additions to the housing stock (England),"Net additions to the housing stock (rate per 1,000 stock)",2023-2024,6.0,"Net additional dwellings per 1,000 stock","Net additional dwellings per 1,000 stock",,,,1,
e07000119,fylde,local-authority-district,Net additions to the housing stock (England),"Net additions to the housing stock (rate per 1,000 stock)",2023-2024,8.0,"Net additional dwellings per 1,000 stock","Net additional dwellings per 1,000 stock",,,,1,
e07000120,hyndburn,local-authority-district,Net additions to the housing stock (England),"Net additions to the housing stock (rate per 1,000 stock)",2023-2024,7.0,"Net additional dwellings per 1,000 stock","Net additional dwellings per 1,000 stock",,,,1,
e07000121,lancaster,local-authority-district,Net additions to the housing stock (England),"Net additions to the housing stock (rate per 1,000 stock)",2023-2024,3.0,"Net additional dwellings per 1,000 stock","Net additional dwellings per 1,000 stock",,,,1,
e07000122,pendle,local-authority-district,Net additions to the housing stock (England),"Net additions to the housing stock (rate per 1,000 stock)",2023-2024,3.0,"Net additional dwellings per 1,000 stock","Net additional dwellings per 1,000 stock",,,,1,
e07000123,preston,local-authority-district,Net additions to the housing stock (England),"Net additions to the housing stock (rate per 1,000 stock)",2023-2024,25.0,"Net additional dwellings per 1,000 stock","Net additional dwellings per 1,000 stock",,,,1,
e07000124,ribble-valley,local-authority-district,Net additions to the housing stock (England),"Net additions to the housing stock (rate per 1,000 stock)",2023-2024,18.0,"Net additional dwellings per 1,000 stock","Net additional dwellings per 1,000 stock",,,,1,
e07000125,rossendale,local-authority-district,Net additions to the housing stock (England),"Net additions to the housing stock (rate per 1,000 stock)",2023-2024,6.0,"Net additional dwellings per 1,000 stock","Net additional dwellings per 1,000 stock",,,,1,
e07000126,south-ribble,local-authority-district,Net additions to the housing stock (England),"Net additions to the housing stock (rate per 1,000 stock)",2023-2024,11.0,"Net additional dwellings per 1,000 stock","Net additional dwellings per 1,000 stock",,,,1,
e07000127,west-lancashire,local-authority-district,Net additions to the housing stock (England),"Net additions to the housing stock (rate per 1,000 stock)",2023-2024,9.0,"Net additional dwellings per 1,000 stock","Net additional dwellings per 1,000 stock",,,,1,
e07000128,wyre,local-authority-district,Net additions to the housing stock (England),"Net additions to the housing stock (rate per 1,000 stock)",2023-2024,12.0,"Net additional dwellings per 1,000 stock","Net additional dwellings per 1,000 stock",,,,1,
e11000002,merseyside-met-county,county-or-unitary-authority,Net additions to the housing stock (England),"Net additions to the housing stock (rate per 1,000 stock)",2023-2024,6.0,"Net additional dwellings per 1,000 stock","Net additional dwellings per 1,000 stock",,,,1,
e08000011,knowsley,local-authority-district,Net additions to the housing stock (England),"Net additions to the housing stock (rate per 1,000 stock)",2023-2024,10.0,"Net additional dwellings per 1,000 stock","Net additional dwellings per 1,000 stock",,,,1,
e08000012,liverpool,local-authority-district,Net additions to the housing stock (England),"Net additions to the housing stock (rate per 1,000 stock)",2023-2024,8.0,"Net additional dwellings per 1,000 stock","Net additional dwellings per 1,000 stock",,,,1,
e08000014,sefton,local-authority-district,Net additions to the housing stock (England),"Net additions to the housing stock (rate per 1,000 stock)",2023-2024,6.0,"Net additional dwellings per 1,000 stock","Net additional dwellings per 1,000 stock",,,,1,
e08000013,st-helens,local-authority-district,Net additions to the housing stock (England),"Net additions to the housing stock (rate per 1,000 stock)",2023-2024,3.0,"Net additional dwellings per 1,000 stock","Net additional dwellings per 1,000 stock",,,,1,
e08000015,wirral,local-authority-district,Net additions to the housing stock (England),"Net additions to the housing stock (rate per 1,000 stock)",2023-2024,3.0,"Net additional dwellings per 1,000 stock","Net additional dwellings per 1,000 stock",,,,1,
e12000003,yorkshire-and-the-humber,region,Net additions to the housing stock (England),"Net additions to the housing stock (rate per 1,000 stock)",2023-2024,8.0,"Net additional dwellings per 1,000 stock","Net additional dwellings per 1,000 stock",,,,1,
e06000011,east-riding-of-yorkshire,county-or-unitary-authority,Net additions to the housing stock (England),"Net additions to the housing stock (rate per 1,000 stock)",2023-2024,14.0,"Net additional dwellings per 1,000 stock","Net additional dwellings per 1,000 stock",,,,1,
e06000010,kingston-upon-hull-city-of,county-or-unitary-authority,Net additions to the housing stock (England),"Net additions to the housing stock (rate per 1,000 stock)",2023-2024,4.0,"Net additional dwellings per 1,000 stock","Net additional dwellings per 1,000 stock",,,,1,
e06000012,north-east-lincolnshire,county-or-unitary-authority,Net additions to the housing stock (England),"Net additions to the housing stock (rate per 1,000 stock)",2023-2024,6.0,"Net additional dwellings per 1,000 stock","Net additional dwellings per 1,000 stock",,,,1,
e06000013,north-lincolnshire,county-or-unitary-authority,Net additions to the housing stock (England),"Net additions to the housing stock (rate per 1,000 stock)",2023-2024,7.0,"Net additional dwellings per 1,000 stock","Net additional dwellings per 1,000 stock",,,,1,
e06000014,york,county-or-unitary-authority,Net additions to the housing stock (England),"Net additions to the housing stock (rate per 1,000 stock)",2023-2024,6.0,"Net additional dwellings per 1,000 stock","Net additional dwellings per 1,000 stock",,,,1,
e11000003,south-yorkshire-met-county,county-or-unitary-authority,Net additions to the housing stock (England),"Net additions to the housing stock (rate per 1,000 stock)",2023-2024,8.0,"Net additional dwellings per 1,000 stock","Net additional dwellings per 1,000 stock",,,,1,
e08000016,barnsley,local-authority-district,Net additions to the housing stock (England),"Net additions to the housing stock (rate per 1,000 stock)",2023-2024,6.0,"Net additional dwellings per 1,000 stock","Net additional dwellings per 1,000 stock",,,,1,
e08000017,doncaster,local-authority-district,Net additions to the housing stock (England),"Net additions to the housing stock (rate per 1,000 stock)",2023-2024,10.0,"Net additional dwellings per 1,000 stock","Net additional dwellings per 1,000 stock",,,,1,
e08000018,rotherham,local-authority-district,Net additions to the housing stock (England),"Net additions to the housing stock (rate per 1,000 stock)",2023-2024,6.0,"Net additional dwellings per 1,000 stock","Net additional dwellings per 1,000 stock",,,,1,
e08000019,sheffield,local-authority-district,Net additions to the housing stock (England),"Net additions to the housing stock (rate per 1,000 stock)",2023-2024,10.0,"Net additional dwellings per 1,000 stock","Net additional dwellings per 1,000 stock",,,,1,
e11000006,west-yorkshire-met-county,county-or-unitary-authority,Net additions to the housing stock (England),"Net additions to the housing stock (rate per 1,000 stock)",2023-2024,8.0,"Net additional dwellings per 1,000 stock","Net additional dwellings per 1,000 stock",,,,1,
e08000032,bradford,local-authority-district,Net additions to the housing stock (England),"Net additions to the housing stock (rate per 1,000 stock)",2023-2024,6.0,"Net additional dwellings per 1,000 stock","Net additional dwellings per 1,000 stock",,,,1,
e08000033,calderdale,local-authority-district,Net additions to the housing stock (England),"Net additions to the housing stock (rate per 1,000 stock)",2023-2024,4.0,"Net additional dwellings per 1,000 stock","Net additional dwellings per 1,000 stock",,,,1,
e08000034,kirklees,local-authority-district,Net additions to the housing stock (England),"Net additions to the housing stock (rate per 1,000 stock)",2023-2024,6.0,"Net additional dwellings per 1,000 stock","Net additional dwellings per 1,000 stock",,,,1,
e08000035,leeds,local-authority-district,Net additions to the housing stock (England),"Net additions to the housing stock (rate per 1,000 stock)",2023-2024,12.0,"Net additional dwellings per 1,000 stock","Net additional dwellings per 1,000 stock",,,,1,
e08000036,wakefield,local-authority-district,Net additions to the housing stock (England),"Net additions to the housing stock (rate per 1,000 stock)",2023-2024,6.0,"Net additional dwellings per 1,000 stock","Net additional dwellings per 1,000 stock",,,,1,
e12000004,east-midlands,region,Net additions to the housing stock (England),"Net additions to the housing stock (rate per 1,000 stock)",2023-2024,10.0,"Net additional dwellings per 1,000 stock","Net additional dwellings per 1,000 stock",,,,1,
e06000015,derby,county-or-unitary-authority,Net additions to the housing stock (England),"Net additions to the housing stock (rate per 1,000 stock)",2023-2024,12.0,"Net additional dwellings per 1,000 stock","Net additional dwellings per 1,000 stock",,,,1,
e06000016,leicester,county-or-unitary-authority,Net additions to the housing stock (England),"Net additions to the housing stock (rate per 1,000 stock)",2023-2024,4.0,"Net additional dwellings per 1,000 stock","Net additional dwellings per 1,000 stock",,,,1,
e06000061,north-northamptonshire,county-or-unitary-authority,Net additions to the housing stock (England),"Net additions to the housing stock (rate per 1,000 stock)",2023-2024,11.0,"Net additional dwellings per 1,000 stock","Net additional dwellings per 1,000 stock",,,,1,
e06000018,nottingham,county-or-unitary-authority,Net additions to the housing stock (England),"Net additions to the housing stock (rate per 1,000 stock)",2023-2024,15.0,"Net additional dwellings per 1,000 stock","Net additional dwellings per 1,000 stock",,,,1,
e06000017,rutland,county-or-unitary-authority,Net additions to the housing stock (England),"Net additions to the housing stock (rate per 1,000 stock)",2023-2024,6.0,"Net additional dwellings per 1,000 stock","Net additional dwellings per 1,000 stock",,,,1,
e06000062,west-northamptonshire,county-or-unitary-authority,Net additions to the housing stock (England),"Net additions to the housing stock (rate per 1,000 stock)",2023-2024,10.0,"Net additional dwellings per 1,000 stock","Net additional dwellings per 1,000 stock",,,,1,
e10000007,derbyshire,county-or-unitary-authority,Net additions to the housing stock (England),"Net additions to the housing stock (rate per 1,000 stock)",2023-2024,9.0,"Net additional dwellings per 1,000 stock","Net additional dwellings per 1,000 stock",,,,1,
e07000032,amber-valley,local-authority-district,Net additions to the housing stock (England),"Net additions to the housing stock (rate per 1,000 stock)",2023-2024,10.0,"Net additional dwellings per 1,000 stock","Net additional dwellings per 1,000 stock",,,,1,
e07000033,bolsover,local-authority-district,Net additions to the housing stock (England),"Net additions to the housing stock (rate per 1,000 stock)",2023-2024,10.0,"Net additional dwellings per 1,000 stock","Net additional dwellings per 1,000 stock",,,,1,
e07000034,chesterfield,local-authority-district,Net additions to the housing stock (England),"Net additions to the housing stock (rate per 1,000 stock)",2023-2024,8.0,"Net additional dwellings per 1,000 stock","Net additional dwellings per 1,000 stock",,,,1,
e07000035,derbyshire-dales,local-authority-district,Net additions to the housing stock (England),"Net additions to the housing stock (rate per 1,000 stock)",2023-2024,4.0,"Net additional dwellings per 1,000 stock","Net additional dwellings per 1,000 stock",,,,1,
e07000036,erewash,local-authority-district,Net additions to the housing stock (England),"Net additions to the housing stock (rate per 1,000 stock)",2023-2024,2.0,"Net additional dwellings per 1,000 stock","Net additional dwellings per 1,000 stock",,,,1,
e07000037,high-peak,local-authority-district,Net additions to the housing stock (England),"Net additions to the housing stock (rate per 1,000 stock)",2023-2024,6.0,"Net additional dwellings per 1,000 stock","Net additional dwellings per 1,000 stock",,,,1,
e07000038,north-east-derbyshire,local-authority-district,Net additions to the housing stock (England),"Net additions to the housing stock (rate per 1,000 stock)",2023-2024,11.0,"Net additional dwellings per 1,000 stock","Net additional dwellings per 1,000 stock",,,,1,
e07000039,south-derbyshire,local-authority-district,Net additions to the housing stock (England),"Net additions to the housing stock (rate per 1,000 stock)",2023-2024,21.0,"Net additional dwellings per 1,000 stock","Net additional dwellings per 1,000 stock",,,,1,
e10000018,leicestershire,county-or-unitary-authority,Net additions to the housing stock (England),"Net additions to the housing stock (rate per 1,000 stock)",2023-2024,11.0,"Net additional dwellings per 1,000 stock","Net additional dwellings per 1,000 stock",,,,1,
e07000129,blaby,local-authority-district,Net additions to the housing stock (England),"Net additions to the housing stock (rate per 1,000 stock)",2023-2024,10.0,"Net additional dwellings per 1,000 stock","Net additional dwellings per 1,000 stock",,,,1,
e07000130,charnwood,local-authority-district,Net additions to the housing stock (England),"Net additions to the housing stock (rate per 1,000 stock)",2023-2024,11.0,"Net additional dwellings per 1,000 stock","Net additional dwellings per 1,000 stock",,,,1,
e07000131,harborough,local-authority-district,Net additions to the housing stock (England),"Net additions to the housing stock (rate per 1,000 stock)",2023-2024,16.0,"Net additional dwellings per 1,000 stock","Net additional dwellings per 1,000 stock",,,,1,
e07000132,hinckley-and-bosworth,local-authority-district,Net additions to the housing stock (England),"Net additions to the housing stock (rate per 1,000 stock)",2023-2024,7.0,"Net additional dwellings per 1,000 stock","Net additional dwellings per 1,000 stock",,,,1,
e07000133,melton,local-authority-district,Net additions to the housing stock (England),"Net additions to the housing stock (rate per 1,000 stock)",2023-2024,16.0,"Net additional dwellings per 1,000 stock","Net additional dwellings per 1,000 stock",,,,1,
e07000134,north-west-leicestershire,local-authority-district,Net additions to the housing stock (England),"Net additions to the housing stock (rate per 1,000 stock)",2023-2024,12.0,"Net additional dwellings per 1,000 stock","Net additional dwellings per 1,000 stock",,,,1,
e07000135,oadby-and-wigston,local-authority-district,Net additions to the housing stock (England),"Net additions to the housing stock (rate per 1,000 stock)",2023-2024,12.0,"Net additional dwellings per 1,000 stock","Net additional dwellings per 1,000 stock",,,,1,
e10000019,lincolnshire,county-or-unitary-authority,Net additions to the housing stock (England),"Net additions to the housing stock (rate per 1,000 stock)",2023-2024,9.0,"Net additional dwellings per 1,000 stock","Net additional dwellings per 1,000 stock",,,,1,
e07000136,boston,local-authority-district,Net additions to the housing stock (England),"Net additions to the housing stock (rate per 1,000 stock)",2023-2024,9.0,"Net additional dwellings per 1,000 stock","Net additional dwellings per 1,000 stock",,,,1,
e07000137,east-lindsey,local-authority-district,Net additions to the housing stock (England),"Net additions to the housing stock (rate per 1,000 stock)",2023-2024,6.0,"Net additional dwellings per 1,000 stock","Net additional dwellings per 1,000 stock",,,,1,
e07000138,lincoln,local-authority-district,Net additions to the housing stock (England),"Net additions to the housing stock (rate per 1,000 stock)",2023-2024,3.0,"Net additional dwellings per 1,000 stock","Net additional dwellings per 1,000 stock",,,,1,
e07000139,north-kesteven,local-authority-district,Net additions to the housing stock (England),"Net additions to the housing stock (rate per 1,000 stock)",2023-2024,13.0,"Net additional dwellings per 1,000 stock","Net additional dwellings per 1,000 stock",,,,1,
e07000140,south-holland,local-authority-district,Net additions to the housing stock (England),"Net additions to the housing stock (rate per 1,000 stock)",2023-2024,15.0,"Net additional dwellings per 1,000 stock","Net additional dwellings per 1,000 stock",,,,1,
e07000141,south-kesteven,local-authority-district,Net additions to the housing stock (England),"Net additions to the housing stock (rate per 1,000 stock)",2023-2024,9.0,"Net additional dwellings per 1,000 stock","Net additional dwellings per 1,000 stock",,,,1,
e07000142,west-lindsey,local-authority-district,Net additions to the housing stock (England),"Net additions to the housing stock (rate per 1,000 stock)",2023-2024,13.0,"Net additional dwellings per 1,000 stock","Net additional dwellings per 1,000 stock",,,,1,
e10000024,nottinghamshire,county-or-unitary-authority,Net additions to the housing stock (England),"Net additions to the housing stock (rate per 1,000 stock)",2023-2024,12.0,"Net additional dwellings per 1,000 stock","Net additional dwellings per 1,000 stock",,,,1,
e07000170,ashfield,local-authority-district,Net additions to the housing stock (England),"Net additions to the housing stock (rate per 1,000 stock)",2023-2024,8.0,"Net additional dwellings per 1,000 stock","Net additional dwellings per 1,000 stock",,,,1,
e07000171,bassetlaw,local-authority-district,Net additions to the housing stock (England),"Net additions to the housing stock (rate per 1,000 stock)",2023-2024,17.0,"Net additional dwellings per 1,000 stock","Net additional dwellings per 1,000 stock",,,,1,
e07000172,broxtowe,local-authority-district,Net additions to the housing stock (England),"Net additions to the housing stock (rate per 1,000 stock)",2023-2024,8.0,"Net additional dwellings per 1,000 stock","Net additional dwellings per 1,000 stock",,,,1,
e07000173,gedling,local-authority-district,Net additions to the housing stock (England),"Net additions to the housing stock (rate per 1,000 stock)",2023-2024,11.0,"Net additional dwellings per 1,000 stock","Net additional dwellings per 1,000 stock",,,,1,
e07000174,mansfield,local-authority-district,Net additions to the housing stock (England),"Net additions to the housing stock (rate per 1,000 stock)",2023-2024,8.0,"Net additional dwellings per 1,000 stock","Net additional dwellings per 1,000 stock",,,,1,
e07000175,newark-and-sherwood,local-authority-district,Net additions to the housing stock (England),"Net additions to the housing stock (rate per 1,000 stock)",2023-2024,11.0,"Net additional dwellings per 1,000 stock","Net additional dwellings per 1,000 stock",,,,1,
e07000176,rushcliffe,local-authority-district,Net additions to the housing stock (England),"Net additions to the housing stock (rate per 1,000 stock)",2023-2024,21.0,"Net additional dwellings per 1,000 stock","Net additional dwellings per 1,000 stock",,,,1,
e12000005,west-midlands,region,Net additions to the housing stock (England),"Net additions to the housing stock (rate per 1,000 stock)",2023-2024,8.0,"Net additional dwellings per 1,000 stock","Net additional dwellings per 1,000 stock",,,,1,
e06000019,herefordshire-county-of,county-or-unitary-authority,Net additions to the housing stock (England),"Net additions to the housing stock (rate per 1,000 stock)",2023-2024,12.0,"Net additional dwellings per 1,000 stock","Net additional dwellings per 1,000 stock",,,,1,
e06000051,shropshire,county-or-unitary-authority,Net additions to the housing stock (England),"Net additions to the housing stock (rate per 1,000 stock)",2023-2024,10.0,"Net additional dwellings per 1,000 stock","Net additional dwellings per 1,000 stock",,,,1,
e06000021,stoke-on-trent,county-or-unitary-authority,Net additions to the housing stock (England),"Net additions to the housing stock (rate per 1,000 stock)",2023-2024,4.0,"Net additional dwellings per 1,000 stock","Net additional dwellings per 1,000 stock",,,,1,
e06000020,telford-and-wrekin,county-or-unitary-authority,Net additions to the housing stock (England),"Net additions to the housing stock (rate per 1,000 stock)",2023-2024,12.0,"Net additional dwellings per 1,000 stock","Net additional dwellings per 1,000 stock",,,,1,
e10000028,staffordshire,county-or-unitary-authority,Net additions to the housing stock (England),"Net additions to the housing stock (rate per 1,000 stock)",2023-2024,8.0,"Net additional dwellings per 1,000 stock","Net additional dwellings per 1,000 stock",,,,1,
e07000192,cannock-chase,local-authority-district,Net additions to the housing stock (England),"Net additions to the housing stock (rate per 1,000 stock)",2023-2024,4.0,"Net additional dwellings per 1,000 stock","Net additional dwellings per 1,000 stock",,,,1,
e07000193,east-staffordshire,local-authority-district,Net additions to the housing stock (England),"Net additions to the housing stock (rate per 1,000 stock)",2023-2024,14.0,"Net additional dwellings per 1,000 stock","Net additional dwellings per 1,000 stock",,,,1,
e07000194,lichfield,local-authority-district,Net additions to the housing stock (England),"Net additions to the housing stock (rate per 1,000 stock)",2023-2024,15.0,"Net additional dwellings per 1,000 stock","Net additional dwellings per 1,000 stock",,,,1,
e07000195,newcastle-under-lyme,local-authority-district,Net additions to the housing stock (England),"Net additions to the housing stock (rate per 1,000 stock)",2023-2024,5.0,"Net additional dwellings per 1,000 stock","Net additional dwellings per 1,000 stock",,,,1,
e07000196,south-staffordshire,local-authority-district,Net additions to the housing stock (England),"Net additions to the housing stock (rate per 1,000 stock)",2023-2024,7.0,"Net additional dwellings per 1,000 stock","Net additional dwellings per 1,000 stock",,,,1,
e07000197,stafford,local-authority-district,Net additions to the housing stock (England),"Net additions to the housing stock (rate per 1,000 stock)",2023-2024,7.0,"Net additional dwellings per 1,000 stock","Net additional dwellings per 1,000 stock",,,,1,
e07000198,staffordshire-moorlands,local-authority-district,Net additions to the housing stock (England),"Net additions to the housing stock (rate per 1,000 stock)",2023-2024,5.0,"Net additional dwellings per 1,000 stock","Net additional dwellings per 1,000 stock",,,,1,
e07000199,tamworth,local-authority-district,Net additions to the housing stock (England),"Net additions to the housing stock (rate per 1,000 stock)",2023-2024,8.0,"Net additional dwellings per 1,000 stock","Net additional dwellings per 1,000 stock",,,,1,
e10000031,warwickshire,county-or-unitary-authority,Net additions to the housing stock (England),"Net additions to the housing stock (rate per 1,000 stock)",2023-2024,15.0,"Net additional dwellings per 1,000 stock","Net additional dwellings per 1,000 stock",,,,1,
e07000218,north-warwickshire,local-authority-district,Net additions to the housing stock (England),"Net additions to the housing stock (rate per 1,000 stock)",2023-2024,9.0,"Net additional dwellings per 1,000 stock","Net additional dwellings per 1,000 stock",,,,1,
e07000219,nuneaton-and-bedworth,local-authority-district,Net additions to the housing stock (England),"Net additions to the housing stock (rate per 1,000 stock)",2023-2024,17.0,"Net additional dwellings per 1,000 stock","Net additional dwellings per 1,000 stock",,,,1,
e07000220,rugby,local-authority-district,Net additions to the housing stock (England),"Net additions to the housing stock (rate per 1,000 stock)",2023-2024,17.0,"Net additional dwellings per 1,000 stock","Net additional dwellings per 1,000 stock",,,,1,
e07000221,stratford-on-avon,local-authority-district,Net additions to the housing stock (England),"Net additions to the housing stock (rate per 1,000 stock)",2023-2024,15.0,"Net additional dwellings per 1,000 stock","Net additional dwellings per 1,000 stock",,,,1,
e07000222,warwick,local-authority-district,Net additions to the housing stock (England),"Net additions to the housing stock (rate per 1,000 stock)",2023-2024,13.0,"Net additional dwellings per 1,000 stock","Net additional dwellings per 1,000 stock",,,,1,
e11000005,west-midlands-met-county,county-or-unitary-authority,Net additions to the housing stock (England),"Net additions to the housing stock (rate per 1,000 stock)",2023-2024,7.0,"Net additional dwellings per 1,000 stock","Net additional dwellings per 1,000 stock",,,,1,
e08000025,birmingham,local-authority-district,Net additions to the housing stock (England),"Net additions to the housing stock (rate per 1,000 stock)",2023-2024,10.0,"Net additional dwellings per 1,000 stock","Net additional dwellings per 1,000 stock",,,,1,
e08000026,coventry,local-authority-district,Net additions to the housing stock (England),"Net additions to the housing stock (rate per 1,000 stock)",2023-2024,9.0,"Net additional dwellings per 1,000 stock","Net additional dwellings per 1,000 stock",,,,1,
e08000027,dudley,local-authority-district,Net additions to the housing stock (England),"Net additions to the housing stock (rate per 1,000 stock)",2023-2024,5.0,"Net additional dwellings per 1,000 stock","Net additional dwellings per 1,000 stock",,,,1,
e08000028,sandwell,local-authority-district,Net additions to the housing stock (England),"Net additions to the housing stock (rate per 1,000 stock)",2023-2024,5.0,"Net additional dwellings per 1,000 stock","Net additional dwellings per 1,000 stock",,,,1,
e08000029,solihull,local-authority-district,Net additions to the housing stock (England),"Net additions to the housing stock (rate per 1,000 stock)",2023-2024,5.0,"Net additional dwellings per 1,000 stock","Net additional dwellings per 1,000 stock",,,,1,
e08000030,walsall,local-authority-district,Net additions to the housing stock (England),"Net additions to the housing stock (rate per 1,000 stock)",2023-2024,3.0,"Net additional dwellings per 1,000 stock","Net additional dwellings per 1,000 stock",,,,1,
e08000031,wolverhampton,local-authority-district,Net additions to the housing stock (England),"Net additions to the housing stock (rate per 1,000 stock)",2023-2024,6.0,"Net additional dwellings per 1,000 stock","Net additional dwellings per 1,000 stock",,,,1,
e10000034,worcestershire,county-or-unitary-authority,Net additions to the housing stock (England),"Net additions to the housing stock (rate per 1,000 stock)",2023-2024,6.0,"Net additional dwellings per 1,000 stock","Net additional dwellings per 1,000 stock",,,,1,
e07000234,bromsgrove,local-authority-district,Net additions to the housing stock (England),"Net additions to the housing stock (rate per 1,000 stock)",2023-2024,3.0,"Net additional dwellings per 1,000 stock","Net additional dwellings per 1,000 stock",,,,1,
e07000235,malvern-hills,local-authority-district,Net additions to the housing stock (England),"Net additions to the housing stock (rate per 1,000 stock)",2023-2024,5.0,"Net additional dwellings per 1,000 stock","Net additional dwellings per 1,000 stock",,,,1,
e07000236,redditch,local-authority-district,Net additions to the housing stock (England),"Net additions to the housing stock (rate per 1,000 stock)",2023-2024,7.0,"Net additional dwellings per 1,000 stock","Net additional dwellings per 1,000 stock",,,,1,
e07000237,worcester,local-authority-district,Net additions to the housing stock (England),"Net additions to the housing stock (rate per 1,000 stock)",2023-2024,8.0,"Net additional dwellings per 1,000 stock","Net additional dwellings per 1,000 stock",,,,1,
e07000238,wychavon,local-authority-district,Net additions to the housing stock (England),"Net additions to the housing stock (rate per 1,000 stock)",2023-2024,5.0,"Net additional dwellings per 1,000 stock","Net additional dwellings per 1,000 stock",,,,1,
e07000239,wyre-forest,local-authority-district,Net additions to the housing stock (England),"Net additions to the housing stock (rate per 1,000 stock)",2023-2024,8.0,"Net additional dwellings per 1,000 stock","Net additional dwellings per 1,000 stock",,,,1,
e12000006,east-of-england,region,Net additions to the housing stock (England),"Net additions to the housing stock (rate per 1,000 stock)",2023-2024,10.0,"Net additional dwellings per 1,000 stock","Net additional dwellings per 1,000 stock",,,,1,
e06000055,bedford,county-or-unitary-authority,Net additions to the housing stock (England),"Net additions to the housing stock (rate per 1,000 stock)",2023-2024,9.0,"Net additional dwellings per 1,000 stock","Net additional dwellings per 1,000 stock",,,,1,
e06000056,central-bedfordshire,county-or-unitary-authority,Net additions to the housing stock (England),"Net additions to the housing stock (rate per 1,000 stock)",2023-2024,16.0,"Net additional dwellings per 1,000 stock","Net additional dwellings per 1,000 stock",,,,1,
e06000032,luton,county-or-unitary-authority,Net additions to the housing stock (England),"Net additions to the housing stock (rate per 1,000 stock)",2023-2024,5.0,"Net additional dwellings per 1,000 stock","Net additional dwellings per 1,000 stock",,,,1,
e06000031,peterborough,county-or-unitary-authority,Net additions to the housing stock (England),"Net additions to the housing stock (rate per 1,000 stock)",2023-2024,10.0,"Net additional dwellings per 1,000 stock","Net additional dwellings per 1,000 stock",,,,1,
e06000033,southend-on-sea,county-or-unitary-authority,Net additions to the housing stock (England),"Net additions to the housing stock (rate per 1,000 stock)",2023-2024,2.0,"Net additional dwellings per 1,000 stock","Net additional dwellings per 1,000 stock",,,,1,
e06000034,thurrock,county-or-unitary-authority,Net additions to the housing stock (England),"Net additions to the housing stock (rate per 1,000 stock)",2023-2024,7.0,"Net additional dwellings per 1,000 stock","Net additional dwellings per 1,000 stock",,,,1,
e10000003,cambridgeshire,county-or-unitary-authority,Net additions to the housing stock (England),"Net additions to the housing stock (rate per 1,000 stock)",2023-2024,13.0,"Net additional dwellings per 1,000 stock","Net additional dwellings per 1,000 stock",,,,1,
e07000008,cambridge,local-authority-district,Net additions to the housing stock (England),"Net additions to the housing stock (rate per 1,000 stock)",2023-2024,4.0,"Net additional dwellings per 1,000 stock","Net additional dwellings per 1,000 stock",,,,1,
e07000009,east-cambridgeshire,local-authority-district,Net additions to the housing stock (England),"Net additions to the housing stock (rate per 1,000 stock)",2023-2024,15.0,"Net additional dwellings per 1,000 stock","Net additional dwellings per 1,000 stock",,,,1,
e07000010,fenland,local-authority-district,Net additions to the housing stock (England),"Net additions to the housing stock (rate per 1,000 stock)",2023-2024,11.0,"Net additional dwellings per 1,000 stock","Net additional dwellings per 1,000 stock",,,,1,
e07000011,huntingdonshire,local-authority-district,Net additions to the housing stock (England),"Net additions to the housing stock (rate per 1,000 stock)",2023-2024,15.0,"Net additional dwellings per 1,000 stock","Net additional dwellings per 1,000 stock",,,,1,
e07000012,south-cambridgeshire,local-authority-district,Net additions to the housing stock (England),"Net additions to the housing stock (rate per 1,000 stock)",2023-2024,19.0,"Net additional dwellings per 1,000 stock","Net additional dwellings per 1,000 stock",,,,1,
e10000012,essex,county-or-unitary-authority,Net additions to the housing stock (England),"Net additions to the housing stock (rate per 1,000 stock)",2023-2024,11.0,"Net additional dwellings per 1,000 stock","Net additional dwellings per 1,000 stock",,,,1,
e07000066,basildon,local-authority-district,Net additions to the housing stock (England),"Net additions to the housing stock (rate per 1,000 stock)",2023-2024,3.0,"Net additional dwellings per 1,000 stock","Net additional dwellings per 1,000 stock",,,,1,
e07000067,braintree,local-authority-district,Net additions to the housing stock (England),"Net additions to the housing stock (rate per 1,000 stock)",2023-2024,17.0,"Net additional dwellings per 1,000 stock","Net additional dwellings per 1,000 stock",,,,1,
e07000068,brentwood,local-authority-district,Net additions to the housing stock (England),"Net additions to the housing stock (rate per 1,000 stock)",2023-2024,18.0,"Net additional dwellings per 1,000 stock","Net additional dwellings per 1,000 stock",,,,1,
e07000069,castle-point,local-authority-district,Net additions to the housing stock (England),"Net additions to the housing stock (rate per 1,000 stock)",2023-2024,-1.0,"Net additional dwellings per 1,000 stock","Net additional dwellings per 1,000 stock",,,,1,
e07000070,chelmsford,local-authority-district,Net additions to the housing stock (England),"Net additions to the housing stock (rate per 1,000 stock)",2023-2024,13.0,"Net additional dwellings per 1,000 stock","Net additional dwellings per 1,000 stock",,,,1,
e07000071,colchester,local-authority-district,Net additions to the housing stock (England),"Net additions to the housing stock (rate per 1,000 stock)",2023-2024,13.0,"Net additional dwellings per 1,000 stock","Net additional dwellings per 1,000 stock",,,,1,
e07000072,epping-forest,local-authority-district,Net additions to the housing stock (England),"Net additions to the housing stock (rate per 1,000 stock)",2023-2024,6.0,"Net additional dwellings per 1,000 stock","Net additional dwellings per 1,000 stock",,,,1,
e07000073,harlow,local-authority-district,Net additions to the housing stock (England),"Net additions to the housing stock (rate per 1,000 stock)",2023-2024,11.0,"Net additional dwellings per 1,000 stock","Net additional dwellings per 1,000 stock",,,,1,
e07000074,maldon,local-authority-district,Net additions to the housing stock (England),"Net additions to the housing stock (rate per 1,000 stock)",2023-2024,14.0,"Net additional dwellings per 1,000 stock","Net additional dwellings per 1,000 stock",,,,1,
e07000075,rochford,local-authority-district,Net additions to the housing stock (England),"Net additions to the housing stock (rate per 1,000 stock)",2023-2024,7.0,"Net additional dwellings per 1,000 stock","Net additional dwellings per 1,000 stock",,,,1,
e07000076,tendring,local-authority-district,Net additions to the housing stock (England),"Net additions to the housing stock (rate per 1,000 stock)",2023-2024,11.0,"Net additional dwellings per 1,000 stock","Net additional dwellings per 1,000 stock",,,,1,
e07000077,uttlesford,local-authority-district,Net additions to the housing stock (England),"Net additions to the housing stock (rate per 1,000 stock)",2023-2024,21.0,"Net additional dwellings per 1,000 stock","Net additional dwellings per 1,000 stock",,,,1,
e10000015,hertfordshire,county-or-unitary-authority,Net additions to the housing stock (England),"Net additions to the housing stock (rate per 1,000 stock)",2023-2024,10.0,"Net additional dwellings per 1,000 stock","Net additional dwellings per 1,000 stock",,,,1,
e07000095,broxbourne,local-authority-district,Net additions to the housing stock (England),"Net additions to the housing stock (rate per 1,000 stock)",2023-2024,16.0,"Net additional dwellings per 1,000 stock","Net additional dwellings per 1,000 stock",,,,1,
e07000096,dacorum,local-authority-district,Net additions to the housing stock (England),"Net additions to the housing stock (rate per 1,000 stock)",2023-2024,7.0,"Net additional dwellings per 1,000 stock","Net additional dwellings per 1,000 stock",,,,1,
e07000242,east-hertfordshire,local-authority-district,Net additions to the housing stock (England),"Net additions to the housing stock (rate per 1,000 stock)",2023-2024,19.0,"Net additional dwellings per 1,000 stock","Net additional dwellings per 1,000 stock",,,,1,
e07000098,hertsmere,local-authority-district,Net additions to the housing stock (England),"Net additions to the housing stock (rate per 1,000 stock)",2023-2024,3.0,"Net additional dwellings per 1,000 stock","Net additional dwellings per 1,000 stock",,,,1,
e07000099,north-hertfordshire,local-authority-district,Net additions to the housing stock (England),"Net additions to the housing stock (rate per 1,000 stock)",2023-2024,7.0,"Net additional dwellings per 1,000 stock","Net additional dwellings per 1,000 stock",,,,1,
e07000240,st-albans,local-authority-district,Net additions to the housing stock (England),"Net additions to the housing stock (rate per 1,000 stock)",2023-2024,7.0,"Net additional dwellings per 1,000 stock","Net additional dwellings per 1,000 stock",,,,1,
e07000243,stevenage,local-authority-district,Net additions to the housing stock (England),"Net additions to the housing stock (rate per 1,000 stock)",2023-2024,4.0,"Net additional dwellings per 1,000 stock","Net additional dwellings per 1,000 stock",,,,1,
e07000102,three-rivers,local-authority-district,Net additions to the housing stock (England),"Net additions to the housing stock (rate per 1,000 stock)",2023-2024,7.0,"Net additional dwellings per 1,000 stock","Net additional dwellings per 1,000 stock",,,,1,
e07000103,watford,local-authority-district,Net additions to the housing stock (England),"Net additions to the housing stock (rate per 1,000 stock)",2023-2024,17.0,"Net additional dwellings per 1,000 stock","Net additional dwellings per 1,000 stock",,,,1,
e07000241,welwyn-hatfield,local-authority-district,Net additions to the housing stock (England),"Net additions to the housing stock (rate per 1,000 stock)",2023-2024,7.0,"Net additional dwellings per 1,000 stock","Net additional dwellings per 1,000 stock",,,,1,
e10000020,norfolk,county-or-unitary-authority,Net additions to the housing stock (England),"Net additions to the housing stock (rate per 1,000 stock)",2023-2024,10.0,"Net additional dwellings per 1,000 stock","Net additional dwellings per 1,000 stock",,,,1,
e07000143,breckland,local-authority-district,Net additions to the housing stock (England),"Net additions to the housing stock (rate per 1,000 stock)",2023-2024,18.0,"Net additional dwellings per 1,000 stock","Net additional dwellings per 1,000 stock",,,,1,
e07000144,broadland,local-authority-district,Net additions to the housing stock (England),"Net additions to the housing stock (rate per 1,000 stock)",2023-2024,14.0,"Net additional dwellings per 1,000 stock","Net additional dwellings per 1,000 stock",,,,1,
e07000145,great-yarmouth,local-authority-district,Net additions to the housing stock (England),"Net additions to the housing stock (rate per 1,000 stock)",2023-2024,7.0,"Net additional dwellings per 1,000 stock","Net additional dwellings per 1,000 stock",,,,1,
e07000146,king-s-lynn-and-west-norfolk,local-authority-district,Net additions to the housing stock (England),"Net additions to the housing stock (rate per 1,000 stock)",2023-2024,8.0,"Net additional dwellings per 1,000 stock","Net additional dwellings per 1,000 stock",,,,1,
e07000147,north-norfolk,local-authority-district,Net additions to the housing stock (England),"Net additions to the housing stock (rate per 1,000 stock)",2023-2024,4.0,"Net additional dwellings per 1,000 stock","Net additional dwellings per 1,000 stock",,,,1,
e07000148,norwich,local-authority-district,Net additions to the housing stock (England),"Net additions to the housing stock (rate per 1,000 stock)",2023-2024,7.0,"Net additional dwellings per 1,000 stock","Net additional dwellings per 1,000 stock",,,,1,
e07000149,south-norfolk,local-authority-district,Net additions to the housing stock (England),"Net additions to the housing stock (rate per 1,000 stock)",2023-2024,13.0,"Net additional dwellings per 1,000 stock","Net additional dwellings per 1,000 stock",,,,1,
e10000029,suffolk,county-or-unitary-authority,Net additions to the housing stock (England),"Net additions to the housing stock (rate per 1,000 stock)",2023-2024,9.0,"Net additional dwellings per 1,000 stock","Net additional dwellings per 1,000 stock",,,,1,
e07000200,babergh,local-authority-district,Net additions to the housing stock (England),"Net additions to the housing stock (rate per 1,000 stock)",2023-2024,14.0,"Net additional dwellings per 1,000 stock","Net additional dwellings per 1,000 stock",,,,1,
e07000244,east-suffolk,local-authority-district,Net additions to the housing stock (England),"Net additions to the housing stock (rate per 1,000 stock)",2023-2024,7.0,"Net additional dwellings per 1,000 stock","Net additional dwellings per 1,000 stock",,,,1,
e07000202,ipswich,local-authority-district,Net additions to the housing stock (England),"Net additions to the housing stock (rate per 1,000 stock)",2023-2024,3.0,"Net additional dwellings per 1,000 stock","Net additional dwellings per 1,000 stock",,,,1,
e07000203,mid-suffolk,local-authority-district,Net additions to the housing stock (England),"Net additions to the housing stock (rate per 1,000 stock)",2023-2024,21.0,"Net additional dwellings per 1,000 stock","Net additional dwellings per 1,000 stock",,,,1,
e07000245,west-suffolk,local-authority-district,Net additions to the housing stock (England),"Net additions to the housing stock (rate per 1,000 stock)",2023-2024,6.0,"Net additional dwellings per 1,000 stock","Net additional dwellings per 1,000 stock",,,,1,
e12000007,london,region,Net additions to the housing stock (England),"Net additions to the housing stock (rate per 1,000 stock)",2023-2024,8.0,"Net additional dwellings per 1,000 stock","Net additional dwellings per 1,000 stock",,,,1,
e09000007,camden,local-authority-district,Net additions to the housing stock (England),"Net additions to the housing stock (rate per 1,000 stock)",2023-2024,6.0,"Net additional dwellings per 1,000 stock","Net additional dwellings per 1,000 stock",,,,1,
e09000001,city-of-london,local-authority-district,Net additions to the housing stock (England),"Net additions to the housing stock (rate per 1,000 stock)",2023-2024,0.0,"Net additional dwellings per 1,000 stock","Net additional dwellings per 1,000 stock",,,,1,
e09000012,hackney,local-authority-district,Net additions to the housing stock (England),"Net additions to the housing stock (rate per 1,000 stock)",2023-2024,3.0,"Net additional dwellings per 1,000 stock","Net additional dwellings per 1,000 stock",,,,1,
e09000013,hammersmith-and-fulham,local-authority-district,Net additions to the housing stock (England),"Net additions to the housing stock (rate per 1,000 stock)",2023-2024,15.0,"Net additional dwellings per 1,000 stock","Net additional dwellings per 1,000 stock",,,,1,
e09000014,haringey,local-authority-district,Net additions to the housing stock (England),"Net additions to the housing stock (rate per 1,000 stock)",2023-2024,10.0,"Net additional dwellings per 1,000 stock","Net additional dwellings per 1,000 stock",,,,1,
e09000019,islington,local-authority-district,Net additions to the housing stock (England),"Net additions to the housing stock (rate per 1,000 stock)",2023-2024,8.0,"Net additional dwellings per 1,000 stock","Net additional dwellings per 1,000 stock",,,,1,
e09000020,kensington-and-chelsea,local-authority-district,Net additions to the housing stock (England),"Net additions to the housing stock (rate per 1,000 stock)",2023-2024,3.0,"Net additional dwellings per 1,000 stock","Net additional dwellings per 1,000 stock",,,,1,
e09000022,lambeth,local-authority-district,Net additions to the housing stock (England),"Net additions to the housing stock (rate per 1,000 stock)",2023-2024,4.0,"Net additional dwellings per 1,000 stock","Net additional dwellings per 1,000 stock",,,,1,
e09000023,lewisham,local-authority-district,Net additions to the housing stock (England),"Net additions to the housing stock (rate per 1,000 stock)",2023-2024,3.0,"Net additional dwellings per 1,000 stock","Net additional dwellings per 1,000 stock",,,,1,
e09000025,newham,local-authority-district,Net additions to the housing stock (England),"Net additions to the housing stock (rate per 1,000 stock)",2023-2024,23.0,"Net additional dwellings per 1,000 stock","Net additional dwellings per 1,000 stock",,,,1,
e09000028,southwark,local-authority-district,Net additions to the housing stock (England),"Net additions to the housing stock (rate per 1,000 stock)",2023-2024,12.0,"Net additional dwellings per 1,000 stock","Net additional dwellings per 1,000 stock",,,,1,
e09000030,tower-hamlets,local-authority-district,Net additions to the housing stock (England),"Net additions to the housing stock (rate per 1,000 stock)",2023-2024,8.0,"Net additional dwellings per 1,000 stock","Net additional dwellings per 1,000 stock",,,,1,
e09000032,wandsworth,local-authority-district,Net additions to the housing stock (England),"Net additions to the housing stock (rate per 1,000 stock)",2023-2024,18.0,"Net additional dwellings per 1,000 stock","Net additional dwellings per 1,000 stock",,,,1,
e09000033,westminster,local-authority-district,Net additions to the housing stock (England),"Net additions to the housing stock (rate per 1,000 stock)",2023-2024,7.0,"Net additional dwellings per 1,000 stock","Net additional dwellings per 1,000 stock",,,,1,
e09000002,barking-and-dagenham,local-authority-district,Net additions to the housing stock (England),"Net additions to the housing stock (rate per 1,000 stock)",2023-2024,12.0,"Net additional dwellings per 1,000 stock","Net additional dwellings per 1,000 stock",,,,1,
e09000003,barnet,local-authority-district,Net additions to the housing stock (England),"Net additions to the housing stock (rate per 1,000 stock)",2023-2024,15.0,"Net additional dwellings per 1,000 stock","Net additional dwellings per 1,000 stock",,,,1,
e09000004,bexley,local-authority-district,Net additions to the housing stock (England),"Net additions to the housing stock (rate per 1,000 stock)",2023-2024,7.0,"Net additional dwellings per 1,000 stock","Net additional dwellings per 1,000 stock",,,,1,
e09000005,brent,local-authority-district,Net additions to the housing stock (England),"Net additions to the housing stock (rate per 1,000 stock)",2023-2024,6.0,"Net additional dwellings per 1,000 stock","Net additional dwellings per 1,000 stock",,,,1,
e09000006,bromley,local-authority-district,Net additions to the housing stock (England),"Net additions to the housing stock (rate per 1,000 stock)",2023-2024,1.0,"Net additional dwellings per 1,000 stock","Net additional dwellings per 1,000 stock",,,,1,
e09000008,croydon,local-authority-district,Net additions to the housing stock (England),"Net additions to the housing stock (rate per 1,000 stock)",2023-2024,12.0,"Net additional dwellings per 1,000 stock","Net additional dwellings per 1,000 stock",,,,1,
e09000009,ealing,local-authority-district,Net additions to the housing stock (England),"Net additions to the housing stock (rate per 1,000 stock)",2023-2024,10.0,"Net additional dwellings per 1,000 stock","Net additional dwellings per 1,000 stock",,,,1,
e09000010,enfield,local-authority-district,Net additions to the housing stock (England),"Net additions to the housing stock (rate per 1,000 stock)",2023-2024,6.0,"Net additional dwellings per 1,000 stock","Net additional dwellings per 1,000 stock",,,,1,
e09000011,greenwich,local-authority-district,Net additions to the housing stock (England),"Net additions to the housing stock (rate per 1,000 stock)",2023-2024,7.0,"Net additional dwellings per 1,000 stock","Net additional dwellings per 1,000 stock",,,,1,
e09000015,harrow,local-authority-district,Net additions to the housing stock (England),"Net additions to the housing stock (rate per 1,000 stock)",2023-2024,8.0,"Net additional dwellings per 1,000 stock","Net additional dwellings per 1,000 stock",,,,1,
e09000016,havering,local-authority-district,Net additions to the housing stock (England),"Net additions to the housing stock (rate per 1,000 stock)",2023-2024,5.0,"Net additional dwellings per 1,000 stock","Net additional dwellings per 1,000 stock",,,,1,
e09000017,hillingdon,local-authority-district,Net additions to the housing stock (England),"Net additions to the housing stock (rate per 1,000 stock)",2023-2024,6.0,"Net additional dwellings per 1,000 stock","Net additional dwellings per 1,000 stock",,,,1,
e09000018,hounslow,local-authority-district,Net additions to the housing stock (England),"Net additions to the housing stock (rate per 1,000 stock)",2023-2024,11.0,"Net additional dwellings per 1,000 stock","Net additional dwellings per 1,000 stock",,,,1,
e09000021,kingston-upon-thames,local-authority-district,Net additions to the housing stock (England),"Net additions to the housing stock (rate per 1,000 stock)",2023-2024,15.0,"Net additional dwellings per 1,000 stock","Net additional dwellings per 1,000 stock",,,,1,
e09000024,merton,local-authority-district,Net additions to the housing stock (England),"Net additions to the housing stock (rate per 1,000 stock)",2023-2024,3.0,"Net additional dwellings per 1,000 stock","Net additional dwellings per 1,000 stock",,,,1,
e09000026,redbridge,local-authority-district,Net additions to the housing stock (England),"Net additions to the housing stock (rate per 1,000 stock)",2023-2024,3.0,"Net additional dwellings per 1,000 stock","Net additional dwellings per 1,000 stock",,,,1,
e09000027,richmond-upon-thames,local-authority-district,Net additions to the housing stock (England),"Net additions to the housing stock (rate per 1,000 stock)",2023-2024,2.0,"Net additional dwellings per 1,000 stock","Net additional dwellings per 1,000 stock",,,,1,
e09000029,sutton,local-authority-district,Net additions to the housing stock (England),"Net additions to the housing stock (rate per 1,000 stock)",2023-2024,4.0,"Net additional dwellings per 1,000 stock","Net additional dwellings per 1,000 stock",,,,1,
e09000031,waltham-forest,local-authority-district,Net additions to the housing stock (England),"Net additions to the housing stock (rate per 1,000 stock)",2023-2024,9.0,"Net additional dwellings per 1,000 stock","Net additional dwellings per 1,000 stock",,,,1,
e12000008,south-east,region,Net additions to the housing stock (England),"Net additions to the housing stock (rate per 1,000 stock)",2023-2024,9.0,"Net additional dwellings per 1,000 stock","Net additional dwellings per 1,000 stock",,,,1,
e06000036,bracknell-forest,county-or-unitary-authority,Net additions to the housing stock (England),"Net additions to the housing stock (rate per 1,000 stock)",2023-2024,17.0,"Net additional dwellings per 1,000 stock","Net additional dwellings per 1,000 stock",,,,1,
e06000043,brighton-and-hove,county-or-unitary-authority,Net additions to the housing stock (England),"Net additions to the housing stock (rate per 1,000 stock)",2023-2024,9.0,"Net additional dwellings per 1,000 stock","Net additional dwellings per 1,000 stock",,,,1,
e06000060,buckinghamshire,county-or-unitary-authority,Net additions to the housing stock (England),"Net additions to the housing stock (rate per 1,000 stock)",2023-2024,10.0,"Net additional dwellings per 1,000 stock","Net additional dwellings per 1,000 stock",,,,1,
e06000046,isle-of-wight,county-or-unitary-authority,Net additions to the housing stock (England),"Net additions to the housing stock (rate per 1,000 stock)",2023-2024,4.0,"Net additional dwellings per 1,000 stock","Net additional dwellings per 1,000 stock",,,,1,
e06000035,medway,county-or-unitary-authority,Net additions to the housing stock (England),"Net additions to the housing stock (rate per 1,000 stock)",2023-2024,11.0,"Net additional dwellings per 1,000 stock","Net additional dwellings per 1,000 stock",,,,1,
e06000042,milton-keynes,county-or-unitary-authority,Net additions to the housing stock (England),"Net additions to the housing stock (rate per 1,000 stock)",2023-2024,18.0,"Net additional dwellings per 1,000 stock","Net additional dwellings per 1,000 stock",,,,1,
e06000044,portsmouth,county-or-unitary-authority,Net additions to the housing stock (England),"Net additions to the housing stock (rate per 1,000 stock)",2023-2024,3.0,"Net additional dwellings per 1,000 stock","Net additional dwellings per 1,000 stock",,,,1,
e06000038,reading,county-or-unitary-authority,Net additions to the housing stock (England),"Net additions to the housing stock (rate per 1,000 stock)",2023-2024,14.0,"Net additional dwellings per 1,000 stock","Net additional dwellings per 1,000 stock",,,,1,
e06000039,slough,county-or-unitary-authority,Net additions to the housing stock (England),"Net additions to the housing stock (rate per 1,000 stock)",2023-2024,15.0,"Net additional dwellings per 1,000 stock","Net additional dwellings per 1,000 stock",,,,1,
e06000045,southampton,county-or-unitary-authority,Net additions to the housing stock (England),"Net additions to the housing stock (rate per 1,000 stock)",2023-2024,2.0,"Net additional dwellings per 1,000 stock","Net additional dwellings per 1,000 stock",,,,1,
e06000037,west-berkshire,county-or-unitary-authority,Net additions to the housing stock (England),"Net additions to the housing stock (rate per 1,000 stock)",2023-2024,10.0,"Net additional dwellings per 1,000 stock","Net additional dwellings per 1,000 stock",,,,1,
e06000040,windsor-and-maidenhead,county-or-unitary-authority,Net additions to the housing stock (England),"Net additions to the housing stock (rate per 1,000 stock)",2023-2024,13.0,"Net additional dwellings per 1,000 stock","Net additional dwellings per 1,000 stock",,,,1,
e06000041,wokingham,county-or-unitary-authority,Net additions to the housing stock (England),"Net additions to the housing stock (rate per 1,000 stock)",2023-2024,11.0,"Net additional dwellings per 1,000 stock","Net additional dwellings per 1,000 stock",,,,1,
e10000011,east-sussex,county-or-unitary-authority,Net additions to the housing stock (England),"Net additions to the housing stock (rate per 1,000 stock)",2023-2024,8.0,"Net additional dwellings per 1,000 stock","Net additional dwellings per 1,000 stock",,,,1,
e07000061,eastbourne,local-authority-district,Net additions to the housing stock (England),"Net additions to the housing stock (rate per 1,000 stock)",2023-2024,5.0,"Net additional dwellings per 1,000 stock","Net additional dwellings per 1,000 stock",,,,1,
e07000062,hastings,local-authority-district,Net additions to the housing stock (England),"Net additions to the housing stock (rate per 1,000 stock)",2023-2024,3.0,"Net additional dwellings per 1,000 stock","Net additional dwellings per 1,000 stock",,,,1,
e07000063,lewes,local-authority-district,Net additions to the housing stock (England),"Net additions to the housing stock (rate per 1,000 stock)",2023-2024,11.0,"Net additional dwellings per 1,000 stock","Net additional dwellings per 1,000 stock",,,,1,
e07000064,rother,local-authority-district,Net additions to the housing stock (England),"Net additions to the housing stock (rate per 1,000 stock)",2023-2024,4.0,"Net additional dwellings per 1,000 stock","Net additional dwellings per 1,000 stock",,,,1,
e07000065,wealden,local-authority-district,Net additions to the housing stock (England),"Net additions to the housing stock (rate per 1,000 stock)",2023-2024,13.0,"Net additional dwellings per 1,000 stock","Net additional dwellings per 1,000 stock",,,,1,
e10000014,hampshire,county-or-unitary-authority,Net additions to the housing stock (England),"Net additions to the housing stock (rate per 1,000 stock)",2023-2024,7.0,"Net additional dwellings per 1,000 stock","Net additional dwellings per 1,000 stock",,,,1,
e07000084,basingstoke-and-deane,local-authority-district,Net additions to the housing stock (England),"Net additions to the housing stock (rate per 1,000 stock)",2023-2024,9.0,"Net additional dwellings per 1,000 stock","Net additional dwellings per 1,000 stock",,,,1,
e07000085,east-hampshire,local-authority-district,Net additions to the housing stock (England),"Net additions to the housing stock (rate per 1,000 stock)",2023-2024,5.0,"Net additional dwellings per 1,000 stock","Net additional dwellings per 1,000 stock",,,,1,
e07000086,eastleigh,local-authority-district,Net additions to the housing stock (England),"Net additions to the housing stock (rate per 1,000 stock)",2023-2024,9.0,"Net additional dwellings per 1,000 stock","Net additional dwellings per 1,000 stock",,,,1,
e07000087,fareham,local-authority-district,Net additions to the housing stock (England),"Net additions to the housing stock (rate per 1,000 stock)",2023-2024,5.0,"Net additional dwellings per 1,000 stock","Net additional dwellings per 1,000 stock",,,,1,
e07000088,gosport,local-authority-district,Net additions to the housing stock (England),"Net additions to the housing stock (rate per 1,000 stock)",2023-2024,3.0,"Net additional dwellings per 1,000 stock","Net additional dwellings per 1,000 stock",,,,1,
e07000089,hart,local-authority-district,Net additions to the housing stock (England),"Net additions to the housing stock (rate per 1,000 stock)",2023-2024,10.0,"Net additional dwellings per 1,000 stock","Net additional dwellings per 1,000 stock",,,,1,
e07000090,havant,local-authority-district,Net additions to the housing stock (England),"Net additions to the housing stock (rate per 1,000 stock)",2023-2024,6.0,"Net additional dwellings per 1,000 stock","Net additional dwellings per 1,000 stock",,,,1,
e07000091,new-forest,local-authority-district,Net additions to the housing stock (England),"Net additions to the housing stock (rate per 1,000 stock)",2023-2024,3.0,"Net additional dwellings per 1,000 stock","Net additional dwellings per 1,000 stock",,,,1,
e07000092,rushmoor,local-authority-district,Net additions to the housing stock (England),"Net additions to the housing stock (rate per 1,000 stock)",2023-2024,10.0,"Net additional dwellings per 1,000 stock","Net additional dwellings per 1,000 stock",,,,1,
e07000093,test-valley,local-authority-district,Net additions to the housing stock (England),"Net additions to the housing stock (rate per 1,000 stock)",2023-2024,5.0,"Net additional dwellings per 1,000 stock","Net additional dwellings per 1,000 stock",,,,1,
e07000094,winchester,local-authority-district,Net additions to the housing stock (England),"Net additions to the housing stock (rate per 1,000 stock)",2023-2024,17.0,"Net additional dwellings per 1,000 stock","Net additional dwellings per 1,000 stock",,,,1,
e10000016,kent,county-or-unitary-authority,Net additions to the housing stock (England),"Net additions to the housing stock (rate per 1,000 stock)",2023-2024,10.0,"Net additional dwellings per 1,000 stock","Net additional dwellings per 1,000 stock",,,,1,
e07000105,ashford,local-authority-district,Net additions to the housing stock (England),"Net additions to the housing stock (rate per 1,000 stock)",2023-2024,8.0,"Net additional dwellings per 1,000 stock","Net additional dwellings per 1,000 stock",,,,1,
e07000106,canterbury,local-authority-district,Net additions to the housing stock (England),"Net additions to the housing stock (rate per 1,000 stock)",2023-2024,10.0,"Net additional dwellings per 1,000 stock","Net additional dwellings per 1,000 stock",,,,1,
e07000107,dartford,local-authority-district,Net additions to the housing stock (England),"Net additions to the housing stock (rate per 1,000 stock)",2023-2024,13.0,"Net additional dwellings per 1,000 stock","Net additional dwellings per 1,000 stock",,,,1,
e07000108,dover,local-authority-district,Net additions to the housing stock (England),"Net additions to the housing stock (rate per 1,000 stock)",2023-2024,13.0,"Net additional dwellings per 1,000 stock","Net additional dwellings per 1,000 stock",,,,1,
e07000112,folkestone-and-hythe,local-authority-district,Net additions to the housing stock (England),"Net additions to the housing stock (rate per 1,000 stock)",2023-2024,7.0,"Net additional dwellings per 1,000 stock","Net additional dwellings per 1,000 stock",,,,1,
e07000109,gravesham,local-authority-district,Net additions to the housing stock (England),"Net additions to the housing stock (rate per 1,000 stock)",2023-2024,7.0,"Net additional dwellings per 1,000 stock","Net additional dwellings per 1,000 stock",,,,1,
e07000110,maidstone,local-authority-district,Net additions to the housing stock (England),"Net additions to the housing stock (rate per 1,000 stock)",2023-2024,13.0,"Net additional dwellings per 1,000 stock","Net additional dwellings per 1,000 stock",,,,1,
e07000111,sevenoaks,local-authority-district,Net additions to the housing stock (England),"Net additions to the housing stock (rate per 1,000 stock)",2023-2024,2.0,"Net additional dwellings per 1,000 stock","Net additional dwellings per 1,000 stock",,,,1,
e07000113,swale,local-authority-district,Net additions to the housing stock (England),"Net additions to the housing stock (rate per 1,000 stock)",2023-2024,11.0,"Net additional dwellings per 1,000 stock","Net additional dwellings per 1,000 stock",,,,1,
e07000114,thanet,local-authority-district,Net additions to the housing stock (England),"Net additions to the housing stock (rate per 1,000 stock)",2023-2024,12.0,"Net additional dwellings per 1,000 stock","Net additional dwellings per 1,000 stock",,,,1,
e07000115,tonbridge-and-malling,local-authority-district,Net additions to the housing stock (England),"Net additions to the housing stock (rate per 1,000 stock)",2023-2024,7.0,"Net additional dwellings per 1,000 stock","Net additional dwellings per 1,000 stock",,,,1,
e07000116,tunbridge-wells,local-authority-district,Net additions to the housing stock (England),"Net additions to the housing stock (rate per 1,000 stock)",2023-2024,12.0,"Net additional dwellings per 1,000 stock","Net additional dwellings per 1,000 stock",,,,1,
e10000025,oxfordshire,county-or-unitary-authority,Net additions to the housing stock (England),"Net additions to the housing stock (rate per 1,000 stock)",2023-2024,13.0,"Net additional dwellings per 1,000 stock","Net additional dwellings per 1,000 stock",,,,1,
e07000177,cherwell,local-authority-district,Net additions to the housing stock (England),"Net additions to the housing stock (rate per 1,000 stock)",2023-2024,11.0,"Net additional dwellings per 1,000 stock","Net additional dwellings per 1,000 stock",,,,1,
e07000178,oxford,local-authority-district,Net additions to the housing stock (England),"Net additions to the housing stock (rate per 1,000 stock)",2023-2024,6.0,"Net additional dwellings per 1,000 stock","Net additional dwellings per 1,000 stock",,,,1,
e07000179,south-oxfordshire,local-authority-district,Net additions to the housing stock (England),"Net additions to the housing stock (rate per 1,000 stock)",2023-2024,15.0,"Net additional dwellings per 1,000 stock","Net additional dwellings per 1,000 stock",,,,1,
e07000180,vale-of-white-horse,local-authority-district,Net additions to the housing stock (England),"Net additions to the housing stock (rate per 1,000 stock)",2023-2024,18.0,"Net additional dwellings per 1,000 stock","Net additional dwellings per 1,000 stock",,,,1,
e07000181,west-oxfordshire,local-authority-district,Net additions to the housing stock (England),"Net additions to the housing stock (rate per 1,000 stock)",2023-2024,13.0,"Net additional dwellings per 1,000 stock","Net additional dwellings per 1,000 stock",,,,1,
e10000030,surrey,county-or-unitary-authority,Net additions to the housing stock (England),"Net additions to the housing stock (rate per 1,000 stock)",2023-2024,8.0,"Net additional dwellings per 1,000 stock","Net additional dwellings per 1,000 stock",,,,1,
e07000207,elmbridge,local-authority-district,Net additions to the housing stock (England),"Net additions to the housing stock (rate per 1,000 stock)",2023-2024,7.0,"Net additional dwellings per 1,000 stock","Net additional dwellings per 1,000 stock",,,,1,
e07000208,epsom-and-ewell,local-authority-district,Net additions to the housing stock (England),"Net additions to the housing stock (rate per 1,000 stock)",2023-2024,4.0,"Net additional dwellings per 1,000 stock","Net additional dwellings per 1,000 stock",,,,1,
e07000209,guildford,local-authority-district,Net additions to the housing stock (England),"Net additions to the housing stock (rate per 1,000 stock)",2023-2024,12.0,"Net additional dwellings per 1,000 stock","Net additional dwellings per 1,000 stock",,,,1,
e07000210,mole-valley,local-authority-district,Net additions to the housing stock (England),"Net additions to the housing stock (rate per 1,000 stock)",2023-2024,4.0,"Net additional dwellings per 1,000 stock","Net additional dwellings per 1,000 stock",,,,1,
e07000211,reigate-and-banstead,local-authority-district,Net additions to the housing stock (England),"Net additions to the housing stock (rate per 1,000 stock)",2023-2024,8.0,"Net additional dwellings per 1,000 stock","Net additional dwellings per 1,000 stock",,,,1,
e07000212,runnymede,local-authority-district,Net additions to the housing stock (England),"Net additions to the housing stock (rate per 1,000 stock)",2023-2024,12.0,"Net additional dwellings per 1,000 stock","Net additional dwellings per 1,000 stock",,,,1,
e07000213,spelthorne,local-authority-district,Net additions to the housing stock (England),"Net additions to the housing stock (rate per 1,000 stock)",2023-2024,6.0,"Net additional dwellings per 1,000 stock","Net additional dwellings per 1,000 stock",,,,1,
e07000214,surrey-heath,local-authority-district,Net additions to the housing stock (England),"Net additions to the housing stock (rate per 1,000 stock)",2023-2024,8.0,"Net additional dwellings per 1,000 stock","Net additional dwellings per 1,000 stock",,,,1,
e07000215,tandridge,local-authority-district,Net additions to the housing stock (England),"Net additions to the housing stock (rate per 1,000 stock)",2023-2024,6.0,"Net additional dwellings per 1,000 stock","Net additional dwellings per 1,000 stock",,,,1,
e07000216,waverley,local-authority-district,Net additions to the housing stock (England),"Net additions to the housing stock (rate per 1,000 stock)",2023-2024,13.0,"Net additional dwellings per 1,000 stock","Net additional dwellings per 1,000 stock",,,,1,
e07000217,woking,local-authority-district,Net additions to the housing stock (England),"Net additions to the housing stock (rate per 1,000 stock)",2023-2024,6.0,"Net additional dwellings per 1,000 stock","Net additional dwellings per 1,000 stock",,,,1,
e10000032,west-sussex,county-or-unitary-authority,Net additions to the housing stock (England),"Net additions to the housing stock (rate per 1,000 stock)",2023-2024,10.0,"Net additional dwellings per 1,000 stock","Net additional dwellings per 1,000 stock",,,,1,
e07000223,adur,local-authority-district,Net additions to the housing stock (England),"Net additions to the housing stock (rate per 1,000 stock)",2023-2024,4.0,"Net additional dwellings per 1,000 stock","Net additional dwellings per 1,000 stock",,,,1,
e07000224,arun,local-authority-district,Net additions to the housing stock (England),"Net additions to the housing stock (rate per 1,000 stock)",2023-2024,13.0,"Net additional dwellings per 1,000 stock","Net additional dwellings per 1,000 stock",,,,1,
e07000225,chichester,local-authority-district,Net additions to the housing stock (England),"Net additions to the housing stock (rate per 1,000 stock)",2023-2024,12.0,"Net additional dwellings per 1,000 stock","Net additional dwellings per 1,000 stock",,,,1,
e07000226,crawley,local-authority-district,Net additions to the housing stock (England),"Net additions to the housing stock (rate per 1,000 stock)",2023-2024,3.0,"Net additional dwellings per 1,000 stock","Net additional dwellings per 1,000 stock",,,,1,
e07000227,horsham,local-authority-district,Net additions to the housing stock (England),"Net additions to the housing stock (rate per 1,000 stock)",2023-2024,7.0,"Net additional dwellings per 1,000 stock","Net additional dwellings per 1,000 stock",,,,1,
e07000228,mid-sussex,local-authority-district,Net additions to the housing stock (England),"Net additions to the housing stock (rate per 1,000 stock)",2023-2024,18.0,"Net additional dwellings per 1,000 stock","Net additional dwellings per 1,000 stock",,,,1,
e07000229,worthing,local-authority-district,Net additions to the housing stock (England),"Net additions to the housing stock (rate per 1,000 stock)",2023-2024,7.0,"Net additional dwellings per 1,000 stock","Net additional dwellings per 1,000 stock",,,,1,
e12000009,south-west,region,Net additions to the housing stock (England),"Net additions to the housing stock (rate per 1,000 stock)",2023-2024,8.0,"Net additional dwellings per 1,000 stock","Net additional dwellings per 1,000 stock",,,,1,
e06000022,bath-and-north-east-somerset,county-or-unitary-authority,Net additions to the housing stock (England),"Net additions to the housing stock (rate per 1,000 stock)",2023-2024,8.0,"Net additional dwellings per 1,000 stock","Net additional dwellings per 1,000 stock",,,,1,
e06000058,bournemouth-christchurch-and-poole,county-or-unitary-authority,Net additions to the housing stock (England),"Net additions to the housing stock (rate per 1,000 stock)",2023-2024,5.0,"Net additional dwellings per 1,000 stock","Net additional dwellings per 1,000 stock",,,,1,
e06000023,bristol-city-of,county-or-unitary-authority,Net additions to the housing stock (England),"Net additions to the housing stock (rate per 1,000 stock)",2023-2024,7.0,"Net additional dwellings per 1,000 stock","Net additional dwellings per 1,000 stock",,,,1,
e06000052,cornwall,county-or-unitary-authority,Net additions to the housing stock (England),"Net additions to the housing stock (rate per 1,000 stock)",2023-2024,9.0,"Net additional dwellings per 1,000 stock","Net additional dwellings per 1,000 stock",,,,1,
e06000059,dorset,county-or-unitary-authority,Net additions to the housing stock (England),"Net additions to the housing stock (rate per 1,000 stock)",2023-2024,8.0,"Net additional dwellings per 1,000 stock","Net additional dwellings per 1,000 stock",,,,1,
e06000053,isles-of-scilly,county-or-unitary-authority,Net additions to the housing stock (England),"Net additions to the housing stock (rate per 1,000 stock)",2023-2024,1.0,"Net additional dwellings per 1,000 stock","Net additional dwellings per 1,000 stock",,,,1,
e06000024,north-somerset,county-or-unitary-authority,Net additions to the housing stock (England),"Net additions to the housing stock (rate per 1,000 stock)",2023-2024,7.0,"Net additional dwellings per 1,000 stock","Net additional dwellings per 1,000 stock",,,,1,
e06000026,plymouth,county-or-unitary-authority,Net additions to the housing stock (England),"Net additions to the housing stock (rate per 1,000 stock)",2023-2024,2.0,"Net additional dwellings per 1,000 stock","Net additional dwellings per 1,000 stock",,,,1,
e06000025,south-gloucestershire,county-or-unitary-authority,Net additions to the housing stock (England),"Net additions to the housing stock (rate per 1,000 stock)",2023-2024,13.0,"Net additional dwellings per 1,000 stock","Net additional dwellings per 1,000 stock",,,,1,
e06000030,swindon,county-or-unitary-authority,Net additions to the housing stock (England),"Net additions to the housing stock (rate per 1,000 stock)",2023-2024,7.0,"Net additional dwellings per 1,000 stock","Net additional dwellings per 1,000 stock",,,,1,
e06000027,torbay,county-or-unitary-authority,Net additions to the housing stock (England),"Net additions to the housing stock (rate per 1,000 stock)",2023-2024,3.0,"Net additional dwellings per 1,000 stock","Net additional dwellings per 1,000 stock",,,,1,
e06000054,wiltshire,county-or-unitary-authority,Net additions to the housing stock (England),"Net additions to the housing stock (rate per 1,000 stock)",2023-2024,8.0,"Net additional dwellings per 1,000 stock","Net additional dwellings per 1,000 stock",,,,1,
e10000008,devon,county-or-unitary-authority,Net additions to the housing stock (England),"Net additions to the housing stock (rate per 1,000 stock)",2023-2024,10.0,"Net additional dwellings per 1,000 stock","Net additional dwellings per 1,000 stock",,,,1,
e07000040,east-devon,local-authority-district,Net additions to the housing stock (England),"Net additions to the housing stock (rate per 1,000 stock)",2023-2024,9.0,"Net additional dwellings per 1,000 stock","Net additional dwellings per 1,000 stock",,,,1,
e07000041,exeter,local-authority-district,Net additions to the housing stock (England),"Net additions to the housing stock (rate per 1,000 stock)",2023-2024,11.0,"Net additional dwellings per 1,000 stock","Net additional dwellings per 1,000 stock",,,,1,
e07000042,mid-devon,local-authority-district,Net additions to the housing stock (England),"Net additions to the housing stock (rate per 1,000 stock)",2023-2024,13.0,"Net additional dwellings per 1,000 stock","Net additional dwellings per 1,000 stock",,,,1,
e07000043,north-devon,local-authority-district,Net additions to the housing stock (England),"Net additions to the housing stock (rate per 1,000 stock)",2023-2024,7.0,"Net additional dwellings per 1,000 stock","Net additional dwellings per 1,000 stock",,,,1,
e07000044,south-hams,local-authority-district,Net additions to the housing stock (England),"Net additions to the housing stock (rate per 1,000 stock)",2023-2024,13.0,"Net additional dwellings per 1,000 stock","Net additional dwellings per 1,000 stock",,,,1,
e07000045,teignbridge,local-authority-district,Net additions to the housing stock (England),"Net additions to the housing stock (rate per 1,000 stock)",2023-2024,8.0,"Net additional dwellings per 1,000 stock","Net additional dwellings per 1,000 stock",,,,1,
e07000046,torridge,local-authority-district,Net additions to the housing stock (England),"Net additions to the housing stock (rate per 1,000 stock)",2023-2024,12.0,"Net additional dwellings per 1,000 stock","Net additional dwellings per 1,000 stock",,,,1,
e07000047,west-devon,local-authority-district,Net additions to the housing stock (England),"Net additions to the housing stock (rate per 1,000 stock)",2023-2024,11.0,"Net additional dwellings per 1,000 stock","Net additional dwellings per 1,000 stock",,,,1,
e10000013,gloucestershire,county-or-unitary-authority,Net additions to the housing stock (England),"Net additions to the housing stock (rate per 1,000 stock)",2023-2024,9.0,"Net additional dwellings per 1,000 stock","Net additional dwellings per 1,000 stock",,,,1,
e07000078,cheltenham,local-authority-district,Net additions to the housing stock (England),"Net additions to the housing stock (rate per 1,000 stock)",2023-2024,6.0,"Net additional dwellings per 1,000 stock","Net additional dwellings per 1,000 stock",,,,1,
e07000079,cotswold,local-authority-district,Net additions to the housing stock (England),"Net additions to the housing stock (rate per 1,000 stock)",2023-2024,8.0,"Net additional dwellings per 1,000 stock","Net additional dwellings per 1,000 stock",,,,1,
e07000080,forest-of-dean,local-authority-district,Net additions to the housing stock (England),"Net additions to the housing stock (rate per 1,000 stock)",2023-2024,11.0,"Net additional dwellings per 1,000 stock","Net additional dwellings per 1,000 stock",,,,1,
e07000081,gloucester,local-authority-district,Net additions to the housing stock (England),"Net additions to the housing stock (rate per 1,000 stock)",2023-2024,6.0,"Net additional dwellings per 1,000 stock","Net additional dwellings per 1,000 stock",,,,1,
e07000082,stroud,local-authority-district,Net additions to the housing stock (England),"Net additions to the housing stock (rate per 1,000 stock)",2023-2024,8.0,"Net additional dwellings per 1,000 stock","Net additional dwellings per 1,000 stock",,,,1,
e07000083,tewkesbury,local-authority-district,Net additions to the housing stock (England),"Net additions to the housing stock (rate per 1,000 stock)",2023-2024,21.0,"Net additional dwellings per 1,000 stock","Net additional dwellings per 1,000 stock",,,,1,
