AREACD,AREANM,Geography,Variable Name,Indicator,Mission,Category,Period,Observation,Measure,Unit,Lower Confidence Interval (95%),Upper Confidence Interval (95%),Observation Status,Polarity,Notes
k02000001,united-kingdom,country,4G coverage provided by at least one mobile network provider,4G coverage,Mission 4,"Boosting productivity, pay, jobs and living standards",2024-01,93.13,Percentage,%,,,,1,This data has been aggregated and may show differences to other published figures.
k03000001,great-britain,country,4G coverage provided by at least one mobile network provider,4G coverage,Mission 4,"Boosting productivity, pay, jobs and living standards",2024-01,92.88,Percentage,%,,,,1,This data has been aggregated and may show differences to other published figures.
k04000001,england-and-wales,country,4G coverage provided by at least one mobile network provider,4G coverage,Mission 4,"Boosting productivity, pay, jobs and living standards",2024-01,97.09,Percentage,%,,,,1,This data has been aggregated and may show differences to other published figures.
e92000001,england,nation,4G coverage provided by at least one mobile network provider,4G coverage,Mission 4,"Boosting productivity, pay, jobs and living standards",2024-01,97.91,Percentage,%,,,,1,This data has been aggregated and may show differences to other published figures.
e12000001,north-east,region,4G coverage provided by at least one mobile network provider,4G coverage,Mission 4,"Boosting productivity, pay, jobs and living standards",2024-01,92.81,Percentage,%,,,,1,This data has been aggregated and may show differences to other published figures.
e47000006,tees-valley,combined-authority-or-city-region,4G coverage provided by at least one mobile network provider,4G coverage,Mission 4,"Boosting productivity, pay, jobs and living standards",2024-01,99.75,Percentage,%,,,,1,This data has been aggregated and may show differences to other published figures.
e47000014,north-east,combined-authority-or-city-region,4G coverage provided by at least one mobile network provider,4G coverage,Mission 4,"Boosting productivity, pay, jobs and living standards",2024-01,92.11,Percentage,%,,,,1,This data has been aggregated and may show differences to other published figures.
e06000047,county-durham,county-or-unitary-authority,4G coverage provided by at least one mobile network provider,4G coverage,Mission 4,"Boosting productivity, pay, jobs and living standards",2024-01,95.37,Percentage,%,,,,1,
e06000005,darlington,county-or-unitary-authority,4G coverage provided by at least one mobile network provider,4G coverage,Mission 4,"Boosting productivity, pay, jobs and living standards",2024-01,99.99,Percentage,%,,,,1,
e06000001,hartlepool,county-or-unitary-authority,4G coverage provided by at least one mobile network provider,4G coverage,Mission 4,"Boosting productivity, pay, jobs and living standards",2024-01,99.98,Percentage,%,,,,1,
e06000002,middlesbrough,county-or-unitary-authority,4G coverage provided by at least one mobile network provider,4G coverage,Mission 4,"Boosting productivity, pay, jobs and living standards",2024-01,100.0,Percentage,%,,,,1,
e06000057,northumberland,county-or-unitary-authority,4G coverage provided by at least one mobile network provider,4G coverage,Mission 4,"Boosting productivity, pay, jobs and living standards",2024-01,89.81,Percentage,%,,,,1,
e06000003,redcar-and-cleveland,county-or-unitary-authority,4G coverage provided by at least one mobile network provider,4G coverage,Mission 4,"Boosting productivity, pay, jobs and living standards",2024-01,99.23,Percentage,%,,,,1,
e06000004,stockton-on-tees,county-or-unitary-authority,4G coverage provided by at least one mobile network provider,4G coverage,Mission 4,"Boosting productivity, pay, jobs and living standards",2024-01,99.97,Percentage,%,,,,1,
e08000037,gateshead,local-authority-district,4G coverage provided by at least one mobile network provider,4G coverage,Mission 4,"Boosting productivity, pay, jobs and living standards",2024-01,100.0,Percentage,%,,,,1,
e08000021,newcastle-upon-tyne,local-authority-district,4G coverage provided by at least one mobile network provider,4G coverage,Mission 4,"Boosting productivity, pay, jobs and living standards",2024-01,100.0,Percentage,%,,,,1,
e08000022,north-tyneside,local-authority-district,4G coverage provided by at least one mobile network provider,4G coverage,Mission 4,"Boosting productivity, pay, jobs and living standards",2024-01,100.0,Percentage,%,,,,1,
e08000023,south-tyneside,local-authority-district,4G coverage provided by at least one mobile network provider,4G coverage,Mission 4,"Boosting productivity, pay, jobs and living standards",2024-01,100.0,Percentage,%,,,,1,
e08000024,sunderland,local-authority-district,4G coverage provided by at least one mobile network provider,4G coverage,Mission 4,"Boosting productivity, pay, jobs and living standards",2024-01,100.0,Percentage,%,,,,1,
e12000002,north-west,region,4G coverage provided by at least one mobile network provider,4G coverage,Mission 4,"Boosting productivity, pay, jobs and living standards",2024-01,98.58,Percentage,%,,,,1,This data has been aggregated and may show differences to other published figures.
e06000008,blackburn-with-darwen,county-or-unitary-authority,4G coverage provided by at least one mobile network provider,4G coverage,Mission 4,"Boosting productivity, pay, jobs and living standards",2024-01,99.85,Percentage,%,,,,1,
e06000009,blackpool,county-or-unitary-authority,4G coverage provided by at least one mobile network provider,4G coverage,Mission 4,"Boosting productivity, pay, jobs and living standards",2024-01,100.0,Percentage,%,,,,1,
e06000049,cheshire-east,county-or-unitary-authority,4G coverage provided by at least one mobile network provider,4G coverage,Mission 4,"Boosting productivity, pay, jobs and living standards",2024-01,99.34,Percentage,%,,,,1,
e06000050,cheshire-west-and-chester,county-or-unitary-authority,4G coverage provided by at least one mobile network provider,4G coverage,Mission 4,"Boosting productivity, pay, jobs and living standards",2024-01,99.89,Percentage,%,,,,1,
e06000006,halton,county-or-unitary-authority,4G coverage provided by at least one mobile network provider,4G coverage,Mission 4,"Boosting productivity, pay, jobs and living standards",2024-01,100.0,Percentage,%,,,,1,
e06000007,warrington,county-or-unitary-authority,4G coverage provided by at least one mobile network provider,4G coverage,Mission 4,"Boosting productivity, pay, jobs and living standards",2024-01,100.0,Percentage,%,,,,1,
e06000063,cumberland,county-or-unitary-authority,4G coverage provided by at least one mobile network provider,4G coverage,Mission 4,"Boosting productivity, pay, jobs and living standards",2024-01,87.56,Percentage,%,,,,1,This data has been aggregated and may show differences to other published figures.
e06000064,westmorland-and-furness,county-or-unitary-authority,4G coverage provided by at least one mobile network provider,4G coverage,Mission 4,"Boosting productivity, pay, jobs and living standards",2024-01,93.44,Percentage,%,,,,1,This data has been aggregated and may show differences to other published figures.
e07000026,allerdale,local-authority-district,4G coverage provided by at least one mobile network provider,4G coverage,Mission 4,"Boosting productivity, pay, jobs and living standards",2024-01,89.19,Percentage,%,,,,1,Obsolete code since 2023 (replaced by E06000063 Cumberland)
e07000027,barrow-in-furness,local-authority-district,4G coverage provided by at least one mobile network provider,4G coverage,Mission 4,"Boosting productivity, pay, jobs and living standards",2024-01,99.96,Percentage,%,,,,1,Obsolete code since 2023 (replaced by E06000064 Westmorland and Furness)
e07000028,carlisle,local-authority-district,4G coverage provided by at least one mobile network provider,4G coverage,Mission 4,"Boosting productivity, pay, jobs and living standards",2024-01,89.51,Percentage,%,,,,1,Obsolete code since 2023 (replaced by E06000063 Cumberland)
e07000029,copeland,local-authority-district,4G coverage provided by at least one mobile network provider,4G coverage,Mission 4,"Boosting productivity, pay, jobs and living standards",2024-01,82.04,Percentage,%,,,,1,Obsolete code since 2023 (replaced by E06000063 Cumberland)
e07000030,eden,local-authority-district,4G coverage provided by at least one mobile network provider,4G coverage,Mission 4,"Boosting productivity, pay, jobs and living standards",2024-01,92.71,Percentage,%,,,,1,Obsolete code since 2023 (replaced by E06000064 Westmorland and Furness)
e07000031,south-lakeland,local-authority-district,4G coverage provided by at least one mobile network provider,4G coverage,Mission 4,"Boosting productivity, pay, jobs and living standards",2024-01,94.13,Percentage,%,,,,1,Obsolete code since 2023 (replaced by E06000064 Westmorland and Furness)
e47000001,greater-manchester,combined-authority-or-city-region,4G coverage provided by at least one mobile network provider,4G coverage,Mission 4,"Boosting productivity, pay, jobs and living standards",2024-01,99.82,Percentage,%,,,,1,This data has been aggregated and may show differences to other published figures.
e08000001,bolton,local-authority-district,4G coverage provided by at least one mobile network provider,4G coverage,Mission 4,"Boosting productivity, pay, jobs and living standards",2024-01,99.98,Percentage,%,,,,1,
e08000002,bury,local-authority-district,4G coverage provided by at least one mobile network provider,4G coverage,Mission 4,"Boosting productivity, pay, jobs and living standards",2024-01,100.0,Percentage,%,,,,1,
e08000003,manchester,local-authority-district,4G coverage provided by at least one mobile network provider,4G coverage,Mission 4,"Boosting productivity, pay, jobs and living standards",2024-01,100.0,Percentage,%,,,,1,
e08000004,oldham,local-authority-district,4G coverage provided by at least one mobile network provider,4G coverage,Mission 4,"Boosting productivity, pay, jobs and living standards",2024-01,98.84,Percentage,%,,,,1,
e08000005,rochdale,local-authority-district,4G coverage provided by at least one mobile network provider,4G coverage,Mission 4,"Boosting productivity, pay, jobs and living standards",2024-01,99.99,Percentage,%,,,,1,
e08000006,salford,local-authority-district,4G coverage provided by at least one mobile network provider,4G coverage,Mission 4,"Boosting productivity, pay, jobs and living standards",2024-01,100.0,Percentage,%,,,,1,
e08000007,stockport,local-authority-district,4G coverage provided by at least one mobile network provider,4G coverage,Mission 4,"Boosting productivity, pay, jobs and living standards",2024-01,99.99,Percentage,%,,,,1,
e08000008,tameside,local-authority-district,4G coverage provided by at least one mobile network provider,4G coverage,Mission 4,"Boosting productivity, pay, jobs and living standards",2024-01,99.47,Percentage,%,,,,1,
e08000009,trafford,local-authority-district,4G coverage provided by at least one mobile network provider,4G coverage,Mission 4,"Boosting productivity, pay, jobs and living standards",2024-01,100.0,Percentage,%,,,,1,
e08000010,wigan,local-authority-district,4G coverage provided by at least one mobile network provider,4G coverage,Mission 4,"Boosting productivity, pay, jobs and living standards",2024-01,100.0,Percentage,%,,,,1,
e10000017,lancashire,county-or-unitary-authority,4G coverage provided by at least one mobile network provider,4G coverage,Mission 4,"Boosting productivity, pay, jobs and living standards",2024-01,96.79,Percentage,%,,,,1,This data has been aggregated and may show differences to other published figures.
e07000117,burnley,local-authority-district,4G coverage provided by at least one mobile network provider,4G coverage,Mission 4,"Boosting productivity, pay, jobs and living standards",2024-01,99.7,Percentage,%,,,,1,
e07000118,chorley,local-authority-district,4G coverage provided by at least one mobile network provider,4G coverage,Mission 4,"Boosting productivity, pay, jobs and living standards",2024-01,100.0,Percentage,%,,,,1,
e07000119,fylde,local-authority-district,4G coverage provided by at least one mobile network provider,4G coverage,Mission 4,"Boosting productivity, pay, jobs and living standards",2024-01,100.0,Percentage,%,,,,1,
e07000120,hyndburn,local-authority-district,4G coverage provided by at least one mobile network provider,4G coverage,Mission 4,"Boosting productivity, pay, jobs and living standards",2024-01,100.0,Percentage,%,,,,1,
e07000121,lancaster,local-authority-district,4G coverage provided by at least one mobile network provider,4G coverage,Mission 4,"Boosting productivity, pay, jobs and living standards",2024-01,94.21,Percentage,%,,,,1,
e07000122,pendle,local-authority-district,4G coverage provided by at least one mobile network provider,4G coverage,Mission 4,"Boosting productivity, pay, jobs and living standards",2024-01,99.02,Percentage,%,,,,1,
e07000123,preston,local-authority-district,4G coverage provided by at least one mobile network provider,4G coverage,Mission 4,"Boosting productivity, pay, jobs and living standards",2024-01,99.39,Percentage,%,,,,1,
e07000124,ribble-valley,local-authority-district,4G coverage provided by at least one mobile network provider,4G coverage,Mission 4,"Boosting productivity, pay, jobs and living standards",2024-01,90.97,Percentage,%,,,,1,
e07000125,rossendale,local-authority-district,4G coverage provided by at least one mobile network provider,4G coverage,Mission 4,"Boosting productivity, pay, jobs and living standards",2024-01,99.81,Percentage,%,,,,1,
e07000126,south-ribble,local-authority-district,4G coverage provided by at least one mobile network provider,4G coverage,Mission 4,"Boosting productivity, pay, jobs and living standards",2024-01,100.0,Percentage,%,,,,1,
e07000127,west-lancashire,local-authority-district,4G coverage provided by at least one mobile network provider,4G coverage,Mission 4,"Boosting productivity, pay, jobs and living standards",2024-01,100.0,Percentage,%,,,,1,
e07000128,wyre,local-authority-district,4G coverage provided by at least one mobile network provider,4G coverage,Mission 4,"Boosting productivity, pay, jobs and living standards",2024-01,98.62,Percentage,%,,,,1,
e47000004,liverpool-city-region,combined-authority-or-city-region,4G coverage provided by at least one mobile network provider,4G coverage,Mission 4,"Boosting productivity, pay, jobs and living standards",2024-01,100.0,Percentage,%,,,,1,This data has been aggregated and may show differences to other published figures.
e08000011,knowsley,local-authority-district,4G coverage provided by at least one mobile network provider,4G coverage,Mission 4,"Boosting productivity, pay, jobs and living standards",2024-01,100.0,Percentage,%,,,,1,
e08000012,liverpool,local-authority-district,4G coverage provided by at least one mobile network provider,4G coverage,Mission 4,"Boosting productivity, pay, jobs and living standards",2024-01,100.0,Percentage,%,,,,1,
e08000014,sefton,local-authority-district,4G coverage provided by at least one mobile network provider,4G coverage,Mission 4,"Boosting productivity, pay, jobs and living standards",2024-01,100.0,Percentage,%,,,,1,
e08000013,st-helens,local-authority-district,4G coverage provided by at least one mobile network provider,4G coverage,Mission 4,"Boosting productivity, pay, jobs and living standards",2024-01,100.0,Percentage,%,,,,1,
e08000015,wirral,local-authority-district,4G coverage provided by at least one mobile network provider,4G coverage,Mission 4,"Boosting productivity, pay, jobs and living standards",2024-01,100.0,Percentage,%,,,,1,
e12000003,yorkshire-and-the-humber,region,4G coverage provided by at least one mobile network provider,4G coverage,Mission 4,"Boosting productivity, pay, jobs and living standards",2024-01,94.07,Percentage,%,,,,1,This data has been aggregated and may show differences to other published figures.
e06000011,east-riding-of-yorkshire,county-or-unitary-authority,4G coverage provided by at least one mobile network provider,4G coverage,Mission 4,"Boosting productivity, pay, jobs and living standards",2024-01,99.86,Percentage,%,,,,1,
e06000010,kingston-upon-hull-city-of,county-or-unitary-authority,4G coverage provided by at least one mobile network provider,4G coverage,Mission 4,"Boosting productivity, pay, jobs and living standards",2024-01,100.0,Percentage,%,,,,1,
e06000012,north-east-lincolnshire,county-or-unitary-authority,4G coverage provided by at least one mobile network provider,4G coverage,Mission 4,"Boosting productivity, pay, jobs and living standards",2024-01,99.87,Percentage,%,,,,1,
e06000013,north-lincolnshire,county-or-unitary-authority,4G coverage provided by at least one mobile network provider,4G coverage,Mission 4,"Boosting productivity, pay, jobs and living standards",2024-01,100.0,Percentage,%,,,,1,
e47000012,york-and-north-yorkshire,combined-authority-or-city-region,4G coverage provided by at least one mobile network provider,4G coverage,Mission 4,"Boosting productivity, pay, jobs and living standards",2024-01,92.07,Percentage,%,,,,1,This data has been aggregated and may show differences to other published figures.
e06000014,york,county-or-unitary-authority,4G coverage provided by at least one mobile network provider,4G coverage,Mission 4,"Boosting productivity, pay, jobs and living standards",2024-01,100.0,Percentage,%,,,,1,
e06000065,north-yorkshire,county-or-unitary-authority,4G coverage provided by at least one mobile network provider,4G coverage,Mission 4,"Boosting productivity, pay, jobs and living standards",2024-01,91.8,Percentage,%,,,,1,This data has been aggregated and may show differences to other published figures.
e07000163,craven,local-authority-district,4G coverage provided by at least one mobile network provider,4G coverage,Mission 4,"Boosting productivity, pay, jobs and living standards",2024-01,84.21,Percentage,%,,,,1,Obsolete code since 2023 (replaced by E06000065 North Yorkshire)
e07000164,hambleton,local-authority-district,4G coverage provided by at least one mobile network provider,4G coverage,Mission 4,"Boosting productivity, pay, jobs and living standards",2024-01,98.07,Percentage,%,,,,1,Obsolete code since 2023 (replaced by E06000065 North Yorkshire)
e07000165,harrogate,local-authority-district,4G coverage provided by at least one mobile network provider,4G coverage,Mission 4,"Boosting productivity, pay, jobs and living standards",2024-01,96.04,Percentage,%,,,,1,Obsolete code since 2023 (replaced by E06000065 North Yorkshire)
e07000166,richmondshire,local-authority-district,4G coverage provided by at least one mobile network provider,4G coverage,Mission 4,"Boosting productivity, pay, jobs and living standards",2024-01,83.84,Percentage,%,,,,1,Obsolete code since 2023 (replaced by E06000065 North Yorkshire)
e07000167,ryedale,local-authority-district,4G coverage provided by at least one mobile network provider,4G coverage,Mission 4,"Boosting productivity, pay, jobs and living standards",2024-01,91.1,Percentage,%,,,,1,Obsolete code since 2023 (replaced by E06000065 North Yorkshire)
e07000168,scarborough,local-authority-district,4G coverage provided by at least one mobile network provider,4G coverage,Mission 4,"Boosting productivity, pay, jobs and living standards",2024-01,94.04,Percentage,%,,,,1,Obsolete code since 2023 (replaced by E06000065 North Yorkshire)
e07000169,selby,local-authority-district,4G coverage provided by at least one mobile network provider,4G coverage,Mission 4,"Boosting productivity, pay, jobs and living standards",2024-01,100.0,Percentage,%,,,,1,Obsolete code since 2023 (replaced by E06000065 North Yorkshire)
e47000002,south-yorkshire,combined-authority-or-city-region,4G coverage provided by at least one mobile network provider,4G coverage,Mission 4,"Boosting productivity, pay, jobs and living standards",2024-01,98.61,Percentage,%,,,,1,This data has been aggregated and may show differences to other published figures.
e08000016,barnsley,local-authority-district,4G coverage provided by at least one mobile network provider,4G coverage,Mission 4,"Boosting productivity, pay, jobs and living standards",2024-01,99.65,Percentage,%,,,,1,
e08000017,doncaster,local-authority-district,4G coverage provided by at least one mobile network provider,4G coverage,Mission 4,"Boosting productivity, pay, jobs and living standards",2024-01,100.0,Percentage,%,,,,1,
e08000018,rotherham,local-authority-district,4G coverage provided by at least one mobile network provider,4G coverage,Mission 4,"Boosting productivity, pay, jobs and living standards",2024-01,100.0,Percentage,%,,,,1,
e08000019,sheffield,local-authority-district,4G coverage provided by at least one mobile network provider,4G coverage,Mission 4,"Boosting productivity, pay, jobs and living standards",2024-01,94.45,Percentage,%,,,,1,
e47000003,west-yorkshire,combined-authority-or-city-region,4G coverage provided by at least one mobile network provider,4G coverage,Mission 4,"Boosting productivity, pay, jobs and living standards",2024-01,99.64,Percentage,%,,,,1,This data has been aggregated and may show differences to other published figures.
e08000032,bradford,local-authority-district,4G coverage provided by at least one mobile network provider,4G coverage,Mission 4,"Boosting productivity, pay, jobs and living standards",2024-01,99.92,Percentage,%,,,,1,
e08000033,calderdale,local-authority-district,4G coverage provided by at least one mobile network provider,4G coverage,Mission 4,"Boosting productivity, pay, jobs and living standards",2024-01,98.63,Percentage,%,,,,1,
e08000034,kirklees,local-authority-district,4G coverage provided by at least one mobile network provider,4G coverage,Mission 4,"Boosting productivity, pay, jobs and living standards",2024-01,99.54,Percentage,%,,,,1,
e08000035,leeds,local-authority-district,4G coverage provided by at least one mobile network provider,4G coverage,Mission 4,"Boosting productivity, pay, jobs and living standards",2024-01,99.99,Percentage,%,,,,1,
e08000036,wakefield,local-authority-district,4G coverage provided by at least one mobile network provider,4G coverage,Mission 4,"Boosting productivity, pay, jobs and living standards",2024-01,100.0,Percentage,%,,,,1,
e12000004,east-midlands,region,4G coverage provided by at least one mobile network provider,4G coverage,Mission 4,"Boosting productivity, pay, jobs and living standards",2024-01,99.56,Percentage,%,,,,1,This data has been aggregated and may show differences to other published figures.
e47000013,east-midlands,combined-authority-or-city-region,4G coverage provided by at least one mobile network provider,4G coverage,Mission 4,"Boosting productivity, pay, jobs and living standards",2024-01,98.76,Percentage,%,,,,1,This data has been aggregated and may show differences to other published figures.
e06000015,derby,county-or-unitary-authority,4G coverage provided by at least one mobile network provider,4G coverage,Mission 4,"Boosting productivity, pay, jobs and living standards",2024-01,100.0,Percentage,%,,,,1,
e06000016,leicester,county-or-unitary-authority,4G coverage provided by at least one mobile network provider,4G coverage,Mission 4,"Boosting productivity, pay, jobs and living standards",2024-01,100.0,Percentage,%,,,,1,
e06000061,north-northamptonshire,county-or-unitary-authority,4G coverage provided by at least one mobile network provider,4G coverage,Mission 4,"Boosting productivity, pay, jobs and living standards",2024-01,99.83,Percentage,%,,,,1,
e06000018,nottingham,county-or-unitary-authority,4G coverage provided by at least one mobile network provider,4G coverage,Mission 4,"Boosting productivity, pay, jobs and living standards",2024-01,100.0,Percentage,%,,,,1,
e06000017,rutland,county-or-unitary-authority,4G coverage provided by at least one mobile network provider,4G coverage,Mission 4,"Boosting productivity, pay, jobs and living standards",2024-01,99.9,Percentage,%,,,,1,
e06000062,west-northamptonshire,county-or-unitary-authority,4G coverage provided by at least one mobile network provider,4G coverage,Mission 4,"Boosting productivity, pay, jobs and living standards",2024-01,99.98,Percentage,%,,,,1,
e10000007,derbyshire,county-or-unitary-authority,4G coverage provided by at least one mobile network provider,4G coverage,Mission 4,"Boosting productivity, pay, jobs and living standards",2024-01,97.67,Percentage,%,,,,1,This data has been aggregated and may show differences to other published figures.
e07000032,amber-valley,local-authority-district,4G coverage provided by at least one mobile network provider,4G coverage,Mission 4,"Boosting productivity, pay, jobs and living standards",2024-01,99.97,Percentage,%,,,,1,
e07000033,bolsover,local-authority-district,4G coverage provided by at least one mobile network provider,4G coverage,Mission 4,"Boosting productivity, pay, jobs and living standards",2024-01,100.0,Percentage,%,,,,1,
e07000034,chesterfield,local-authority-district,4G coverage provided by at least one mobile network provider,4G coverage,Mission 4,"Boosting productivity, pay, jobs and living standards",2024-01,100.0,Percentage,%,,,,1,
e07000035,derbyshire-dales,local-authority-district,4G coverage provided by at least one mobile network provider,4G coverage,Mission 4,"Boosting productivity, pay, jobs and living standards",2024-01,98.95,Percentage,%,,,,1,
e07000036,erewash,local-authority-district,4G coverage provided by at least one mobile network provider,4G coverage,Mission 4,"Boosting productivity, pay, jobs and living standards",2024-01,100.0,Percentage,%,,,,1,
e07000037,high-peak,local-authority-district,4G coverage provided by at least one mobile network provider,4G coverage,Mission 4,"Boosting productivity, pay, jobs and living standards",2024-01,90.67,Percentage,%,,,,1,
e07000038,north-east-derbyshire,local-authority-district,4G coverage provided by at least one mobile network provider,4G coverage,Mission 4,"Boosting productivity, pay, jobs and living standards",2024-01,99.79,Percentage,%,,,,1,
e07000039,south-derbyshire,local-authority-district,4G coverage provided by at least one mobile network provider,4G coverage,Mission 4,"Boosting productivity, pay, jobs and living standards",2024-01,100.0,Percentage,%,,,,1,
e10000018,leicestershire,county-or-unitary-authority,4G coverage provided by at least one mobile network provider,4G coverage,Mission 4,"Boosting productivity, pay, jobs and living standards",2024-01,99.89,Percentage,%,,,,1,This data has been aggregated and may show differences to other published figures.
e07000129,blaby,local-authority-district,4G coverage provided by at least one mobile network provider,4G coverage,Mission 4,"Boosting productivity, pay, jobs and living standards",2024-01,100.0,Percentage,%,,,,1,
e07000130,charnwood,local-authority-district,4G coverage provided by at least one mobile network provider,4G coverage,Mission 4,"Boosting productivity, pay, jobs and living standards",2024-01,99.85,Percentage,%,,,,1,
e07000131,harborough,local-authority-district,4G coverage provided by at least one mobile network provider,4G coverage,Mission 4,"Boosting productivity, pay, jobs and living standards",2024-01,99.72,Percentage,%,,,,1,
e07000132,hinckley-and-bosworth,local-authority-district,4G coverage provided by at least one mobile network provider,4G coverage,Mission 4,"Boosting productivity, pay, jobs and living standards",2024-01,100.0,Percentage,%,,,,1,
e07000133,melton,local-authority-district,4G coverage provided by at least one mobile network provider,4G coverage,Mission 4,"Boosting productivity, pay, jobs and living standards",2024-01,99.94,Percentage,%,,,,1,
e07000134,north-west-leicestershire,local-authority-district,4G coverage provided by at least one mobile network provider,4G coverage,Mission 4,"Boosting productivity, pay, jobs and living standards",2024-01,99.99,Percentage,%,,,,1,
e07000135,oadby-and-wigston,local-authority-district,4G coverage provided by at least one mobile network provider,4G coverage,Mission 4,"Boosting productivity, pay, jobs and living standards",2024-01,100.0,Percentage,%,,,,1,
e10000019,lincolnshire,county-or-unitary-authority,4G coverage provided by at least one mobile network provider,4G coverage,Mission 4,"Boosting productivity, pay, jobs and living standards",2024-01,99.92,Percentage,%,,,,1,This data has been aggregated and may show differences to other published figures.
e07000136,boston,local-authority-district,4G coverage provided by at least one mobile network provider,4G coverage,Mission 4,"Boosting productivity, pay, jobs and living standards",2024-01,100.0,Percentage,%,,,,1,
e07000137,east-lindsey,local-authority-district,4G coverage provided by at least one mobile network provider,4G coverage,Mission 4,"Boosting productivity, pay, jobs and living standards",2024-01,99.87,Percentage,%,,,,1,
e07000138,lincoln,local-authority-district,4G coverage provided by at least one mobile network provider,4G coverage,Mission 4,"Boosting productivity, pay, jobs and living standards",2024-01,100.0,Percentage,%,,,,1,
e07000139,north-kesteven,local-authority-district,4G coverage provided by at least one mobile network provider,4G coverage,Mission 4,"Boosting productivity, pay, jobs and living standards",2024-01,100.0,Percentage,%,,,,1,
e07000140,south-holland,local-authority-district,4G coverage provided by at least one mobile network provider,4G coverage,Mission 4,"Boosting productivity, pay, jobs and living standards",2024-01,99.99,Percentage,%,,,,1,
e07000141,south-kesteven,local-authority-district,4G coverage provided by at least one mobile network provider,4G coverage,Mission 4,"Boosting productivity, pay, jobs and living standards",2024-01,99.99,Percentage,%,,,,1,
e07000142,west-lindsey,local-authority-district,4G coverage provided by at least one mobile network provider,4G coverage,Mission 4,"Boosting productivity, pay, jobs and living standards",2024-01,99.81,Percentage,%,,,,1,
e10000024,nottinghamshire,county-or-unitary-authority,4G coverage provided by at least one mobile network provider,4G coverage,Mission 4,"Boosting productivity, pay, jobs and living standards",2024-01,100.0,Percentage,%,,,,1,This data has been aggregated and may show differences to other published figures.
e07000170,ashfield,local-authority-district,4G coverage provided by at least one mobile network provider,4G coverage,Mission 4,"Boosting productivity, pay, jobs and living standards",2024-01,100.0,Percentage,%,,,,1,
e07000171,bassetlaw,local-authority-district,4G coverage provided by at least one mobile network provider,4G coverage,Mission 4,"Boosting productivity, pay, jobs and living standards",2024-01,100.0,Percentage,%,,,,1,
e07000172,broxtowe,local-authority-district,4G coverage provided by at least one mobile network provider,4G coverage,Mission 4,"Boosting productivity, pay, jobs and living standards",2024-01,100.0,Percentage,%,,,,1,
e07000173,gedling,local-authority-district,4G coverage provided by at least one mobile network provider,4G coverage,Mission 4,"Boosting productivity, pay, jobs and living standards",2024-01,100.0,Percentage,%,,,,1,
e07000174,mansfield,local-authority-district,4G coverage provided by at least one mobile network provider,4G coverage,Mission 4,"Boosting productivity, pay, jobs and living standards",2024-01,99.97,Percentage,%,,,,1,
e07000175,newark-and-sherwood,local-authority-district,4G coverage provided by at least one mobile network provider,4G coverage,Mission 4,"Boosting productivity, pay, jobs and living standards",2024-01,99.99,Percentage,%,,,,1,
e07000176,rushcliffe,local-authority-district,4G coverage provided by at least one mobile network provider,4G coverage,Mission 4,"Boosting productivity, pay, jobs and living standards",2024-01,100.0,Percentage,%,,,,1,
e12000005,west-midlands,region,4G coverage provided by at least one mobile network provider,4G coverage,Mission 4,"Boosting productivity, pay, jobs and living standards",2024-01,99.03,Percentage,%,,,,1,This data has been aggregated and may show differences to other published figures.
e06000019,herefordshire-county-of,county-or-unitary-authority,4G coverage provided by at least one mobile network provider,4G coverage,Mission 4,"Boosting productivity, pay, jobs and living standards",2024-01,98.59,Percentage,%,,,,1,
e06000051,shropshire,county-or-unitary-authority,4G coverage provided by at least one mobile network provider,4G coverage,Mission 4,"Boosting productivity, pay, jobs and living standards",2024-01,97.83,Percentage,%,,,,1,
e06000021,stoke-on-trent,county-or-unitary-authority,4G coverage provided by at least one mobile network provider,4G coverage,Mission 4,"Boosting productivity, pay, jobs and living standards",2024-01,100.0,Percentage,%,,,,1,
e06000020,telford-and-wrekin,county-or-unitary-authority,4G coverage provided by at least one mobile network provider,4G coverage,Mission 4,"Boosting productivity, pay, jobs and living standards",2024-01,99.82,Percentage,%,,,,1,
e10000028,staffordshire,county-or-unitary-authority,4G coverage provided by at least one mobile network provider,4G coverage,Mission 4,"Boosting productivity, pay, jobs and living standards",2024-01,99.26,Percentage,%,,,,1,This data has been aggregated and may show differences to other published figures.
e07000192,cannock-chase,local-authority-district,4G coverage provided by at least one mobile network provider,4G coverage,Mission 4,"Boosting productivity, pay, jobs and living standards",2024-01,100.0,Percentage,%,,,,1,
e07000193,east-staffordshire,local-authority-district,4G coverage provided by at least one mobile network provider,4G coverage,Mission 4,"Boosting productivity, pay, jobs and living standards",2024-01,99.73,Percentage,%,,,,1,
e07000194,lichfield,local-authority-district,4G coverage provided by at least one mobile network provider,4G coverage,Mission 4,"Boosting productivity, pay, jobs and living standards",2024-01,100.0,Percentage,%,,,,1,
e07000195,newcastle-under-lyme,local-authority-district,4G coverage provided by at least one mobile network provider,4G coverage,Mission 4,"Boosting productivity, pay, jobs and living standards",2024-01,99.82,Percentage,%,,,,1,
e07000196,south-staffordshire,local-authority-district,4G coverage provided by at least one mobile network provider,4G coverage,Mission 4,"Boosting productivity, pay, jobs and living standards",2024-01,100.0,Percentage,%,,,,1,
e07000197,stafford,local-authority-district,4G coverage provided by at least one mobile network provider,4G coverage,Mission 4,"Boosting productivity, pay, jobs and living standards",2024-01,99.9,Percentage,%,,,,1,
e07000198,staffordshire-moorlands,local-authority-district,4G coverage provided by at least one mobile network provider,4G coverage,Mission 4,"Boosting productivity, pay, jobs and living standards",2024-01,96.99,Percentage,%,,,,1,
e07000199,tamworth,local-authority-district,4G coverage provided by at least one mobile network provider,4G coverage,Mission 4,"Boosting productivity, pay, jobs and living standards",2024-01,100.0,Percentage,%,,,,1,
e10000031,warwickshire,county-or-unitary-authority,4G coverage provided by at least one mobile network provider,4G coverage,Mission 4,"Boosting productivity, pay, jobs and living standards",2024-01,100.0,Percentage,%,,,,1,This data has been aggregated and may show differences to other published figures.
e07000218,north-warwickshire,local-authority-district,4G coverage provided by at least one mobile network provider,4G coverage,Mission 4,"Boosting productivity, pay, jobs and living standards",2024-01,100.0,Percentage,%,,,,1,
e07000219,nuneaton-and-bedworth,local-authority-district,4G coverage provided by at least one mobile network provider,4G coverage,Mission 4,"Boosting productivity, pay, jobs and living standards",2024-01,100.0,Percentage,%,,,,1,
e07000220,rugby,local-authority-district,4G coverage provided by at least one mobile network provider,4G coverage,Mission 4,"Boosting productivity, pay, jobs and living standards",2024-01,100.0,Percentage,%,,,,1,
e07000221,stratford-on-avon,local-authority-district,4G coverage provided by at least one mobile network provider,4G coverage,Mission 4,"Boosting productivity, pay, jobs and living standards",2024-01,99.99,Percentage,%,,,,1,
e07000222,warwick,local-authority-district,4G coverage provided by at least one mobile network provider,4G coverage,Mission 4,"Boosting productivity, pay, jobs and living standards",2024-01,100.0,Percentage,%,,,,1,
e47000007,west-midlands,combined-authority-or-city-region,4G coverage provided by at least one mobile network provider,4G coverage,Mission 4,"Boosting productivity, pay, jobs and living standards",2024-01,100.0,Percentage,%,,,,1,This data has been aggregated and may show differences to other published figures.
e08000025,birmingham,local-authority-district,4G coverage provided by at least one mobile network provider,4G coverage,Mission 4,"Boosting productivity, pay, jobs and living standards",2024-01,100.0,Percentage,%,,,,1,
e08000026,coventry,local-authority-district,4G coverage provided by at least one mobile network provider,4G coverage,Mission 4,"Boosting productivity, pay, jobs and living standards",2024-01,100.0,Percentage,%,,,,1,
e08000027,dudley,local-authority-district,4G coverage provided by at least one mobile network provider,4G coverage,Mission 4,"Boosting productivity, pay, jobs and living standards",2024-01,100.0,Percentage,%,,,,1,
e08000028,sandwell,local-authority-district,4G coverage provided by at least one mobile network provider,4G coverage,Mission 4,"Boosting productivity, pay, jobs and living standards",2024-01,100.0,Percentage,%,,,,1,
e08000029,solihull,local-authority-district,4G coverage provided by at least one mobile network provider,4G coverage,Mission 4,"Boosting productivity, pay, jobs and living standards",2024-01,100.0,Percentage,%,,,,1,
e08000030,walsall,local-authority-district,4G coverage provided by at least one mobile network provider,4G coverage,Mission 4,"Boosting productivity, pay, jobs and living standards",2024-01,100.0,Percentage,%,,,,1,
e08000031,wolverhampton,local-authority-district,4G coverage provided by at least one mobile network provider,4G coverage,Mission 4,"Boosting productivity, pay, jobs and living standards",2024-01,100.0,Percentage,%,,,,1,
e10000034,worcestershire,county-or-unitary-authority,4G coverage provided by at least one mobile network provider,4G coverage,Mission 4,"Boosting productivity, pay, jobs and living standards",2024-01,99.63,Percentage,%,,,,1,This data has been aggregated and may show differences to other published figures.
e07000234,bromsgrove,local-authority-district,4G coverage provided by at least one mobile network provider,4G coverage,Mission 4,"Boosting productivity, pay, jobs and living standards",2024-01,99.97,Percentage,%,,,,1,
e07000235,malvern-hills,local-authority-district,4G coverage provided by at least one mobile network provider,4G coverage,Mission 4,"Boosting productivity, pay, jobs and living standards",2024-01,99.23,Percentage,%,,,,1,
e07000236,redditch,local-authority-district,4G coverage provided by at least one mobile network provider,4G coverage,Mission 4,"Boosting productivity, pay, jobs and living standards",2024-01,100.0,Percentage,%,,,,1,
e07000237,worcester,local-authority-district,4G coverage provided by at least one mobile network provider,4G coverage,Mission 4,"Boosting productivity, pay, jobs and living standards",2024-01,100.0,Percentage,%,,,,1,
e07000238,wychavon,local-authority-district,4G coverage provided by at least one mobile network provider,4G coverage,Mission 4,"Boosting productivity, pay, jobs and living standards",2024-01,99.97,Percentage,%,,,,1,
e07000239,wyre-forest,local-authority-district,4G coverage provided by at least one mobile network provider,4G coverage,Mission 4,"Boosting productivity, pay, jobs and living standards",2024-01,99.15,Percentage,%,,,,1,
e12000006,east-of-england,region,4G coverage provided by at least one mobile network provider,4G coverage,Mission 4,"Boosting productivity, pay, jobs and living standards",2024-01,99.97,Percentage,%,,,,1,This data has been aggregated and may show differences to other published figures.
e06000055,bedford,county-or-unitary-authority,4G coverage provided by at least one mobile network provider,4G coverage,Mission 4,"Boosting productivity, pay, jobs and living standards",2024-01,100.0,Percentage,%,,,,1,
e06000056,central-bedfordshire,county-or-unitary-authority,4G coverage provided by at least one mobile network provider,4G coverage,Mission 4,"Boosting productivity, pay, jobs and living standards",2024-01,100.0,Percentage,%,,,,1,
e06000032,luton,county-or-unitary-authority,4G coverage provided by at least one mobile network provider,4G coverage,Mission 4,"Boosting productivity, pay, jobs and living standards",2024-01,100.0,Percentage,%,,,,1,
e06000031,peterborough,county-or-unitary-authority,4G coverage provided by at least one mobile network provider,4G coverage,Mission 4,"Boosting productivity, pay, jobs and living standards",2024-01,100.0,Percentage,%,,,,1,
e06000033,southend-on-sea,county-or-unitary-authority,4G coverage provided by at least one mobile network provider,4G coverage,Mission 4,"Boosting productivity, pay, jobs and living standards",2024-01,100.0,Percentage,%,,,,1,
e06000034,thurrock,county-or-unitary-authority,4G coverage provided by at least one mobile network provider,4G coverage,Mission 4,"Boosting productivity, pay, jobs and living standards",2024-01,100.0,Percentage,%,,,,1,
e10000003,cambridgeshire,county-or-unitary-authority,4G coverage provided by at least one mobile network provider,4G coverage,Mission 4,"Boosting productivity, pay, jobs and living standards",2024-01,100.0,Percentage,%,,,,1,This data has been aggregated and may show differences to other published figures.
e47000008,cambridgeshire-and-peterborough,combined-authority-or-city-region,4G coverage provided by at least one mobile network provider,4G coverage,Mission 4,"Boosting productivity, pay, jobs and living standards",2024-01,100.0,Percentage,%,,,,1,This data has been aggregated and may show differences to other published figures.
e07000008,cambridge,local-authority-district,4G coverage provided by at least one mobile network provider,4G coverage,Mission 4,"Boosting productivity, pay, jobs and living standards",2024-01,100.0,Percentage,%,,,,1,
e07000009,east-cambridgeshire,local-authority-district,4G coverage provided by at least one mobile network provider,4G coverage,Mission 4,"Boosting productivity, pay, jobs and living standards",2024-01,100.0,Percentage,%,,,,1,
e07000010,fenland,local-authority-district,4G coverage provided by at least one mobile network provider,4G coverage,Mission 4,"Boosting productivity, pay, jobs and living standards",2024-01,100.0,Percentage,%,,,,1,
e07000011,huntingdonshire,local-authority-district,4G coverage provided by at least one mobile network provider,4G coverage,Mission 4,"Boosting productivity, pay, jobs and living standards",2024-01,100.0,Percentage,%,,,,1,
e07000012,south-cambridgeshire,local-authority-district,4G coverage provided by at least one mobile network provider,4G coverage,Mission 4,"Boosting productivity, pay, jobs and living standards",2024-01,100.0,Percentage,%,,,,1,
e10000012,essex,county-or-unitary-authority,4G coverage provided by at least one mobile network provider,4G coverage,Mission 4,"Boosting productivity, pay, jobs and living standards",2024-01,99.98,Percentage,%,,,,1,This data has been aggregated and may show differences to other published figures.
e07000066,basildon,local-authority-district,4G coverage provided by at least one mobile network provider,4G coverage,Mission 4,"Boosting productivity, pay, jobs and living standards",2024-01,100.0,Percentage,%,,,,1,
e07000067,braintree,local-authority-district,4G coverage provided by at least one mobile network provider,4G coverage,Mission 4,"Boosting productivity, pay, jobs and living standards",2024-01,99.92,Percentage,%,,,,1,
e07000068,brentwood,local-authority-district,4G coverage provided by at least one mobile network provider,4G coverage,Mission 4,"Boosting productivity, pay, jobs and living standards",2024-01,100.0,Percentage,%,,,,1,
e07000069,castle-point,local-authority-district,4G coverage provided by at least one mobile network provider,4G coverage,Mission 4,"Boosting productivity, pay, jobs and living standards",2024-01,100.0,Percentage,%,,,,1,
e07000070,chelmsford,local-authority-district,4G coverage provided by at least one mobile network provider,4G coverage,Mission 4,"Boosting productivity, pay, jobs and living standards",2024-01,100.0,Percentage,%,,,,1,
e07000071,colchester,local-authority-district,4G coverage provided by at least one mobile network provider,4G coverage,Mission 4,"Boosting productivity, pay, jobs and living standards",2024-01,99.97,Percentage,%,,,,1,
e07000072,epping-forest,local-authority-district,4G coverage provided by at least one mobile network provider,4G coverage,Mission 4,"Boosting productivity, pay, jobs and living standards",2024-01,100.0,Percentage,%,,,,1,
e07000073,harlow,local-authority-district,4G coverage provided by at least one mobile network provider,4G coverage,Mission 4,"Boosting productivity, pay, jobs and living standards",2024-01,100.0,Percentage,%,,,,1,
e07000074,maldon,local-authority-district,4G coverage provided by at least one mobile network provider,4G coverage,Mission 4,"Boosting productivity, pay, jobs and living standards",2024-01,99.99,Percentage,%,,,,1,
e07000075,rochford,local-authority-district,4G coverage provided by at least one mobile network provider,4G coverage,Mission 4,"Boosting productivity, pay, jobs and living standards",2024-01,100.0,Percentage,%,,,,1,
e07000076,tendring,local-authority-district,4G coverage provided by at least one mobile network provider,4G coverage,Mission 4,"Boosting productivity, pay, jobs and living standards",2024-01,100.0,Percentage,%,,,,1,
e07000077,uttlesford,local-authority-district,4G coverage provided by at least one mobile network provider,4G coverage,Mission 4,"Boosting productivity, pay, jobs and living standards",2024-01,99.97,Percentage,%,,,,1,
e10000015,hertfordshire,county-or-unitary-authority,4G coverage provided by at least one mobile network provider,4G coverage,Mission 4,"Boosting productivity, pay, jobs and living standards",2024-01,99.97,Percentage,%,,,,1,This data has been aggregated and may show differences to other published figures.
e07000095,broxbourne,local-authority-district,4G coverage provided by at least one mobile network provider,4G coverage,Mission 4,"Boosting productivity, pay, jobs and living standards",2024-01,100.0,Percentage,%,,,,1,
e07000096,dacorum,local-authority-district,4G coverage provided by at least one mobile network provider,4G coverage,Mission 4,"Boosting productivity, pay, jobs and living standards",2024-01,99.95,Percentage,%,,,,1,
e07000242,east-hertfordshire,local-authority-district,4G coverage provided by at least one mobile network provider,4G coverage,Mission 4,"Boosting productivity, pay, jobs and living standards",2024-01,99.93,Percentage,%,,,,1,
e07000098,hertsmere,local-authority-district,4G coverage provided by at least one mobile network provider,4G coverage,Mission 4,"Boosting productivity, pay, jobs and living standards",2024-01,100.0,Percentage,%,,,,1,
e07000099,north-hertfordshire,local-authority-district,4G coverage provided by at least one mobile network provider,4G coverage,Mission 4,"Boosting productivity, pay, jobs and living standards",2024-01,99.99,Percentage,%,,,,1,
e07000240,st-albans,local-authority-district,4G coverage provided by at least one mobile network provider,4G coverage,Mission 4,"Boosting productivity, pay, jobs and living standards",2024-01,100.0,Percentage,%,,,,1,
e07000243,stevenage,local-authority-district,4G coverage provided by at least one mobile network provider,4G coverage,Mission 4,"Boosting productivity, pay, jobs and living standards",2024-01,100.0,Percentage,%,,,,1,
e07000102,three-rivers,local-authority-district,4G coverage provided by at least one mobile network provider,4G coverage,Mission 4,"Boosting productivity, pay, jobs and living standards",2024-01,99.92,Percentage,%,,,,1,
e07000103,watford,local-authority-district,4G coverage provided by at least one mobile network provider,4G coverage,Mission 4,"Boosting productivity, pay, jobs and living standards",2024-01,100.0,Percentage,%,,,,1,
e07000241,welwyn-hatfield,local-authority-district,4G coverage provided by at least one mobile network provider,4G coverage,Mission 4,"Boosting productivity, pay, jobs and living standards",2024-01,99.98,Percentage,%,,,,1,
e10000020,norfolk,county-or-unitary-authority,4G coverage provided by at least one mobile network provider,4G coverage,Mission 4,"Boosting productivity, pay, jobs and living standards",2024-01,99.96,Percentage,%,,,,1,This data has been aggregated and may show differences to other published figures.
e07000143,breckland,local-authority-district,4G coverage provided by at least one mobile network provider,4G coverage,Mission 4,"Boosting productivity, pay, jobs and living standards",2024-01,99.96,Percentage,%,,,,1,
e07000144,broadland,local-authority-district,4G coverage provided by at least one mobile network provider,4G coverage,Mission 4,"Boosting productivity, pay, jobs and living standards",2024-01,99.99,Percentage,%,,,,1,
e07000145,great-yarmouth,local-authority-district,4G coverage provided by at least one mobile network provider,4G coverage,Mission 4,"Boosting productivity, pay, jobs and living standards",2024-01,100.0,Percentage,%,,,,1,
e07000146,king-s-lynn-and-west-norfolk,local-authority-district,4G coverage provided by at least one mobile network provider,4G coverage,Mission 4,"Boosting productivity, pay, jobs and living standards",2024-01,100.0,Percentage,%,,,,1,
e07000147,north-norfolk,local-authority-district,4G coverage provided by at least one mobile network provider,4G coverage,Mission 4,"Boosting productivity, pay, jobs and living standards",2024-01,99.87,Percentage,%,,,,1,
e07000148,norwich,local-authority-district,4G coverage provided by at least one mobile network provider,4G coverage,Mission 4,"Boosting productivity, pay, jobs and living standards",2024-01,100.0,Percentage,%,,,,1,
e07000149,south-norfolk,local-authority-district,4G coverage provided by at least one mobile network provider,4G coverage,Mission 4,"Boosting productivity, pay, jobs and living standards",2024-01,99.99,Percentage,%,,,,1,
e10000029,suffolk,county-or-unitary-authority,4G coverage provided by at least one mobile network provider,4G coverage,Mission 4,"Boosting productivity, pay, jobs and living standards",2024-01,99.96,Percentage,%,,,,1,This data has been aggregated and may show differences to other published figures.
e07000200,babergh,local-authority-district,4G coverage provided by at least one mobile network provider,4G coverage,Mission 4,"Boosting productivity, pay, jobs and living standards",2024-01,99.95,Percentage,%,,,,1,
e07000244,east-suffolk,local-authority-district,4G coverage provided by at least one mobile network provider,4G coverage,Mission 4,"Boosting productivity, pay, jobs and living standards",2024-01,99.97,Percentage,%,,,,1,
e07000202,ipswich,local-authority-district,4G coverage provided by at least one mobile network provider,4G coverage,Mission 4,"Boosting productivity, pay, jobs and living standards",2024-01,100.0,Percentage,%,,,,1,
e07000203,mid-suffolk,local-authority-district,4G coverage provided by at least one mobile network provider,4G coverage,Mission 4,"Boosting productivity, pay, jobs and living standards",2024-01,100.0,Percentage,%,,,,1,
e07000245,west-suffolk,local-authority-district,4G coverage provided by at least one mobile network provider,4G coverage,Mission 4,"Boosting productivity, pay, jobs and living standards",2024-01,99.9,Percentage,%,,,,1,
e12000007,london,region,4G coverage provided by at least one mobile network provider,4G coverage,Mission 4,"Boosting productivity, pay, jobs and living standards",2024-01,100.0,Percentage,%,,,,1,This data has been aggregated and may show differences to other published figures.
e09000007,camden,local-authority-district,4G coverage provided by at least one mobile network provider,4G coverage,Mission 4,"Boosting productivity, pay, jobs and living standards",2024-01,100.0,Percentage,%,,,,1,
e09000001,city-of-london,local-authority-district,4G coverage provided by at least one mobile network provider,4G coverage,Mission 4,"Boosting productivity, pay, jobs and living standards",2024-01,100.0,Percentage,%,,,,1,
e09000012,hackney,local-authority-district,4G coverage provided by at least one mobile network provider,4G coverage,Mission 4,"Boosting productivity, pay, jobs and living standards",2024-01,100.0,Percentage,%,,,,1,
e09000013,hammersmith-and-fulham,local-authority-district,4G coverage provided by at least one mobile network provider,4G coverage,Mission 4,"Boosting productivity, pay, jobs and living standards",2024-01,100.0,Percentage,%,,,,1,
e09000014,haringey,local-authority-district,4G coverage provided by at least one mobile network provider,4G coverage,Mission 4,"Boosting productivity, pay, jobs and living standards",2024-01,100.0,Percentage,%,,,,1,
e09000019,islington,local-authority-district,4G coverage provided by at least one mobile network provider,4G coverage,Mission 4,"Boosting productivity, pay, jobs and living standards",2024-01,100.0,Percentage,%,,,,1,
e09000020,kensington-and-chelsea,local-authority-district,4G coverage provided by at least one mobile network provider,4G coverage,Mission 4,"Boosting productivity, pay, jobs and living standards",2024-01,100.0,Percentage,%,,,,1,
e09000022,lambeth,local-authority-district,4G coverage provided by at least one mobile network provider,4G coverage,Mission 4,"Boosting productivity, pay, jobs and living standards",2024-01,100.0,Percentage,%,,,,1,
e09000023,lewisham,local-authority-district,4G coverage provided by at least one mobile network provider,4G coverage,Mission 4,"Boosting productivity, pay, jobs and living standards",2024-01,100.0,Percentage,%,,,,1,
e09000025,newham,local-authority-district,4G coverage provided by at least one mobile network provider,4G coverage,Mission 4,"Boosting productivity, pay, jobs and living standards",2024-01,100.0,Percentage,%,,,,1,
e09000028,southwark,local-authority-district,4G coverage provided by at least one mobile network provider,4G coverage,Mission 4,"Boosting productivity, pay, jobs and living standards",2024-01,100.0,Percentage,%,,,,1,
e09000030,tower-hamlets,local-authority-district,4G coverage provided by at least one mobile network provider,4G coverage,Mission 4,"Boosting productivity, pay, jobs and living standards",2024-01,100.0,Percentage,%,,,,1,
e09000032,wandsworth,local-authority-district,4G coverage provided by at least one mobile network provider,4G coverage,Mission 4,"Boosting productivity, pay, jobs and living standards",2024-01,100.0,Percentage,%,,,,1,
e09000033,westminster,local-authority-district,4G coverage provided by at least one mobile network provider,4G coverage,Mission 4,"Boosting productivity, pay, jobs and living standards",2024-01,100.0,Percentage,%,,,,1,
e09000002,barking-and-dagenham,local-authority-district,4G coverage provided by at least one mobile network provider,4G coverage,Mission 4,"Boosting productivity, pay, jobs and living standards",2024-01,100.0,Percentage,%,,,,1,
e09000003,barnet,local-authority-district,4G coverage provided by at least one mobile network provider,4G coverage,Mission 4,"Boosting productivity, pay, jobs and living standards",2024-01,100.0,Percentage,%,,,,1,
e09000004,bexley,local-authority-district,4G coverage provided by at least one mobile network provider,4G coverage,Mission 4,"Boosting productivity, pay, jobs and living standards",2024-01,100.0,Percentage,%,,,,1,
e09000005,brent,local-authority-district,4G coverage provided by at least one mobile network provider,4G coverage,Mission 4,"Boosting productivity, pay, jobs and living standards",2024-01,100.0,Percentage,%,,,,1,
e09000006,bromley,local-authority-district,4G coverage provided by at least one mobile network provider,4G coverage,Mission 4,"Boosting productivity, pay, jobs and living standards",2024-01,99.95,Percentage,%,,,,1,
e09000008,croydon,local-authority-district,4G coverage provided by at least one mobile network provider,4G coverage,Mission 4,"Boosting productivity, pay, jobs and living standards",2024-01,100.0,Percentage,%,,,,1,
e09000009,ealing,local-authority-district,4G coverage provided by at least one mobile network provider,4G coverage,Mission 4,"Boosting productivity, pay, jobs and living standards",2024-01,100.0,Percentage,%,,,,1,
e09000010,enfield,local-authority-district,4G coverage provided by at least one mobile network provider,4G coverage,Mission 4,"Boosting productivity, pay, jobs and living standards",2024-01,100.0,Percentage,%,,,,1,
e09000011,greenwich,local-authority-district,4G coverage provided by at least one mobile network provider,4G coverage,Mission 4,"Boosting productivity, pay, jobs and living standards",2024-01,100.0,Percentage,%,,,,1,
e09000015,harrow,local-authority-district,4G coverage provided by at least one mobile network provider,4G coverage,Mission 4,"Boosting productivity, pay, jobs and living standards",2024-01,100.0,Percentage,%,,,,1,
e09000016,havering,local-authority-district,4G coverage provided by at least one mobile network provider,4G coverage,Mission 4,"Boosting productivity, pay, jobs and living standards",2024-01,100.0,Percentage,%,,,,1,
e09000017,hillingdon,local-authority-district,4G coverage provided by at least one mobile network provider,4G coverage,Mission 4,"Boosting productivity, pay, jobs and living standards",2024-01,100.0,Percentage,%,,,,1,
e09000018,hounslow,local-authority-district,4G coverage provided by at least one mobile network provider,4G coverage,Mission 4,"Boosting productivity, pay, jobs and living standards",2024-01,100.0,Percentage,%,,,,1,
e09000021,kingston-upon-thames,local-authority-district,4G coverage provided by at least one mobile network provider,4G coverage,Mission 4,"Boosting productivity, pay, jobs and living standards",2024-01,100.0,Percentage,%,,,,1,
e09000024,merton,local-authority-district,4G coverage provided by at least one mobile network provider,4G coverage,Mission 4,"Boosting productivity, pay, jobs and living standards",2024-01,100.0,Percentage,%,,,,1,
e09000026,redbridge,local-authority-district,4G coverage provided by at least one mobile network provider,4G coverage,Mission 4,"Boosting productivity, pay, jobs and living standards",2024-01,100.0,Percentage,%,,,,1,
e09000027,richmond-upon-thames,local-authority-district,4G coverage provided by at least one mobile network provider,4G coverage,Mission 4,"Boosting productivity, pay, jobs and living standards",2024-01,100.0,Percentage,%,,,,1,
e09000029,sutton,local-authority-district,4G coverage provided by at least one mobile network provider,4G coverage,Mission 4,"Boosting productivity, pay, jobs and living standards",2024-01,100.0,Percentage,%,,,,1,
e09000031,waltham-forest,local-authority-district,4G coverage provided by at least one mobile network provider,4G coverage,Mission 4,"Boosting productivity, pay, jobs and living standards",2024-01,100.0,Percentage,%,,,,1,
e12000008,south-east,region,4G coverage provided by at least one mobile network provider,4G coverage,Mission 4,"Boosting productivity, pay, jobs and living standards",2024-01,99.63,Percentage,%,,,,1,This data has been aggregated and may show differences to other published figures.
e06000036,bracknell-forest,county-or-unitary-authority,4G coverage provided by at least one mobile network provider,4G coverage,Mission 4,"Boosting productivity, pay, jobs and living standards",2024-01,99.99,Percentage,%,,,,1,
e06000043,brighton-and-hove,county-or-unitary-authority,4G coverage provided by at least one mobile network provider,4G coverage,Mission 4,"Boosting productivity, pay, jobs and living standards",2024-01,100.0,Percentage,%,,,,1,
e06000060,buckinghamshire,county-or-unitary-authority,4G coverage provided by at least one mobile network provider,4G coverage,Mission 4,"Boosting productivity, pay, jobs and living standards",2024-01,99.72,Percentage,%,,,,1,
e06000046,isle-of-wight,county-or-unitary-authority,4G coverage provided by at least one mobile network provider,4G coverage,Mission 4,"Boosting productivity, pay, jobs and living standards",2024-01,99.92,Percentage,%,,,,1,
e06000035,medway,county-or-unitary-authority,4G coverage provided by at least one mobile network provider,4G coverage,Mission 4,"Boosting productivity, pay, jobs and living standards",2024-01,99.84,Percentage,%,,,,1,
e06000042,milton-keynes,county-or-unitary-authority,4G coverage provided by at least one mobile network provider,4G coverage,Mission 4,"Boosting productivity, pay, jobs and living standards",2024-01,100.0,Percentage,%,,,,1,
e06000044,portsmouth,county-or-unitary-authority,4G coverage provided by at least one mobile network provider,4G coverage,Mission 4,"Boosting productivity, pay, jobs and living standards",2024-01,100.0,Percentage,%,,,,1,
e06000038,reading,county-or-unitary-authority,4G coverage provided by at least one mobile network provider,4G coverage,Mission 4,"Boosting productivity, pay, jobs and living standards",2024-01,100.0,Percentage,%,,,,1,
e06000039,slough,county-or-unitary-authority,4G coverage provided by at least one mobile network provider,4G coverage,Mission 4,"Boosting productivity, pay, jobs and living standards",2024-01,100.0,Percentage,%,,,,1,
e06000045,southampton,county-or-unitary-authority,4G coverage provided by at least one mobile network provider,4G coverage,Mission 4,"Boosting productivity, pay, jobs and living standards",2024-01,100.0,Percentage,%,,,,1,
e06000037,west-berkshire,county-or-unitary-authority,4G coverage provided by at least one mobile network provider,4G coverage,Mission 4,"Boosting productivity, pay, jobs and living standards",2024-01,99.81,Percentage,%,,,,1,
e06000040,windsor-and-maidenhead,county-or-unitary-authority,4G coverage provided by at least one mobile network provider,4G coverage,Mission 4,"Boosting productivity, pay, jobs and living standards",2024-01,100.0,Percentage,%,,,,1,
e06000041,wokingham,county-or-unitary-authority,4G coverage provided by at least one mobile network provider,4G coverage,Mission 4,"Boosting productivity, pay, jobs and living standards",2024-01,100.0,Percentage,%,,,,1,
e10000011,east-sussex,county-or-unitary-authority,4G coverage provided by at least one mobile network provider,4G coverage,Mission 4,"Boosting productivity, pay, jobs and living standards",2024-01,99.69,Percentage,%,,,,1,This data has been aggregated and may show differences to other published figures.
e07000061,eastbourne,local-authority-district,4G coverage provided by at least one mobile network provider,4G coverage,Mission 4,"Boosting productivity, pay, jobs and living standards",2024-01,99.84,Percentage,%,,,,1,
e07000062,hastings,local-authority-district,4G coverage provided by at least one mobile network provider,4G coverage,Mission 4,"Boosting productivity, pay, jobs and living standards",2024-01,99.66,Percentage,%,,,,1,
e07000063,lewes,local-authority-district,4G coverage provided by at least one mobile network provider,4G coverage,Mission 4,"Boosting productivity, pay, jobs and living standards",2024-01,99.88,Percentage,%,,,,1,
e07000064,rother,local-authority-district,4G coverage provided by at least one mobile network provider,4G coverage,Mission 4,"Boosting productivity, pay, jobs and living standards",2024-01,99.64,Percentage,%,,,,1,
e07000065,wealden,local-authority-district,4G coverage provided by at least one mobile network provider,4G coverage,Mission 4,"Boosting productivity, pay, jobs and living standards",2024-01,99.65,Percentage,%,,,,1,
e10000014,hampshire,county-or-unitary-authority,4G coverage provided by at least one mobile network provider,4G coverage,Mission 4,"Boosting productivity, pay, jobs and living standards",2024-01,99.47,Percentage,%,,,,1,This data has been aggregated and may show differences to other published figures.
e07000084,basingstoke-and-deane,local-authority-district,4G coverage provided by at least one mobile network provider,4G coverage,Mission 4,"Boosting productivity, pay, jobs and living standards",2024-01,99.91,Percentage,%,,,,1,
e07000085,east-hampshire,local-authority-district,4G coverage provided by at least one mobile network provider,4G coverage,Mission 4,"Boosting productivity, pay, jobs and living standards",2024-01,99.85,Percentage,%,,,,1,
e07000086,eastleigh,local-authority-district,4G coverage provided by at least one mobile network provider,4G coverage,Mission 4,"Boosting productivity, pay, jobs and living standards",2024-01,100.0,Percentage,%,,,,1,
e07000087,fareham,local-authority-district,4G coverage provided by at least one mobile network provider,4G coverage,Mission 4,"Boosting productivity, pay, jobs and living standards",2024-01,100.0,Percentage,%,,,,1,
e07000088,gosport,local-authority-district,4G coverage provided by at least one mobile network provider,4G coverage,Mission 4,"Boosting productivity, pay, jobs and living standards",2024-01,100.0,Percentage,%,,,,1,
e07000089,hart,local-authority-district,4G coverage provided by at least one mobile network provider,4G coverage,Mission 4,"Boosting productivity, pay, jobs and living standards",2024-01,100.0,Percentage,%,,,,1,
e07000090,havant,local-authority-district,4G coverage provided by at least one mobile network provider,4G coverage,Mission 4,"Boosting productivity, pay, jobs and living standards",2024-01,100.0,Percentage,%,,,,1,
e07000091,new-forest,local-authority-district,4G coverage provided by at least one mobile network provider,4G coverage,Mission 4,"Boosting productivity, pay, jobs and living standards",2024-01,98.99,Percentage,%,,,,1,
e07000092,rushmoor,local-authority-district,4G coverage provided by at least one mobile network provider,4G coverage,Mission 4,"Boosting productivity, pay, jobs and living standards",2024-01,100.0,Percentage,%,,,,1,
e07000093,test-valley,local-authority-district,4G coverage provided by at least one mobile network provider,4G coverage,Mission 4,"Boosting productivity, pay, jobs and living standards",2024-01,99.64,Percentage,%,,,,1,
e07000094,winchester,local-authority-district,4G coverage provided by at least one mobile network provider,4G coverage,Mission 4,"Boosting productivity, pay, jobs and living standards",2024-01,98.73,Percentage,%,,,,1,
e10000016,kent,county-or-unitary-authority,4G coverage provided by at least one mobile network provider,4G coverage,Mission 4,"Boosting productivity, pay, jobs and living standards",2024-01,99.67,Percentage,%,,,,1,This data has been aggregated and may show differences to other published figures.
e07000105,ashford,local-authority-district,4G coverage provided by at least one mobile network provider,4G coverage,Mission 4,"Boosting productivity, pay, jobs and living standards",2024-01,99.66,Percentage,%,,,,1,
e07000106,canterbury,local-authority-district,4G coverage provided by at least one mobile network provider,4G coverage,Mission 4,"Boosting productivity, pay, jobs and living standards",2024-01,99.92,Percentage,%,,,,1,
e07000107,dartford,local-authority-district,4G coverage provided by at least one mobile network provider,4G coverage,Mission 4,"Boosting productivity, pay, jobs and living standards",2024-01,100.0,Percentage,%,,,,1,
e07000108,dover,local-authority-district,4G coverage provided by at least one mobile network provider,4G coverage,Mission 4,"Boosting productivity, pay, jobs and living standards",2024-01,99.97,Percentage,%,,,,1,
e07000112,folkestone-and-hythe,local-authority-district,4G coverage provided by at least one mobile network provider,4G coverage,Mission 4,"Boosting productivity, pay, jobs and living standards",2024-01,99.4,Percentage,%,,,,1,
e07000109,gravesham,local-authority-district,4G coverage provided by at least one mobile network provider,4G coverage,Mission 4,"Boosting productivity, pay, jobs and living standards",2024-01,99.51,Percentage,%,,,,1,
e07000110,maidstone,local-authority-district,4G coverage provided by at least one mobile network provider,4G coverage,Mission 4,"Boosting productivity, pay, jobs and living standards",2024-01,99.19,Percentage,%,,,,1,
e07000111,sevenoaks,local-authority-district,4G coverage provided by at least one mobile network provider,4G coverage,Mission 4,"Boosting productivity, pay, jobs and living standards",2024-01,99.48,Percentage,%,,,,1,
e07000113,swale,local-authority-district,4G coverage provided by at least one mobile network provider,4G coverage,Mission 4,"Boosting productivity, pay, jobs and living standards",2024-01,99.72,Percentage,%,,,,1,
e07000114,thanet,local-authority-district,4G coverage provided by at least one mobile network provider,4G coverage,Mission 4,"Boosting productivity, pay, jobs and living standards",2024-01,100.0,Percentage,%,,,,1,
e07000115,tonbridge-and-malling,local-authority-district,4G coverage provided by at least one mobile network provider,4G coverage,Mission 4,"Boosting productivity, pay, jobs and living standards",2024-01,99.91,Percentage,%,,,,1,
e07000116,tunbridge-wells,local-authority-district,4G coverage provided by at least one mobile network provider,4G coverage,Mission 4,"Boosting productivity, pay, jobs and living standards",2024-01,99.92,Percentage,%,,,,1,
e10000025,oxfordshire,county-or-unitary-authority,4G coverage provided by at least one mobile network provider,4G coverage,Mission 4,"Boosting productivity, pay, jobs and living standards",2024-01,99.78,Percentage,%,,,,1,This data has been aggregated and may show differences to other published figures.
e07000177,cherwell,local-authority-district,4G coverage provided by at least one mobile network provider,4G coverage,Mission 4,"Boosting productivity, pay, jobs and living standards",2024-01,100.0,Percentage,%,,,,1,
e07000178,oxford,local-authority-district,4G coverage provided by at least one mobile network provider,4G coverage,Mission 4,"Boosting productivity, pay, jobs and living standards",2024-01,100.0,Percentage,%,,,,1,
e07000179,south-oxfordshire,local-authority-district,4G coverage provided by at least one mobile network provider,4G coverage,Mission 4,"Boosting productivity, pay, jobs and living standards",2024-01,99.38,Percentage,%,,,,1,
e07000180,vale-of-white-horse,local-authority-district,4G coverage provided by at least one mobile network provider,4G coverage,Mission 4,"Boosting productivity, pay, jobs and living standards",2024-01,100.0,Percentage,%,,,,1,
e07000181,west-oxfordshire,local-authority-district,4G coverage provided by at least one mobile network provider,4G coverage,Mission 4,"Boosting productivity, pay, jobs and living standards",2024-01,99.77,Percentage,%,,,,1,
e10000030,surrey,county-or-unitary-authority,4G coverage provided by at least one mobile network provider,4G coverage,Mission 4,"Boosting productivity, pay, jobs and living standards",2024-01,99.55,Percentage,%,,,,1,This data has been aggregated and may show differences to other published figures.
e07000207,elmbridge,local-authority-district,4G coverage provided by at least one mobile network provider,4G coverage,Mission 4,"Boosting productivity, pay, jobs and living standards",2024-01,100.0,Percentage,%,,,,1,
e07000208,epsom-and-ewell,local-authority-district,4G coverage provided by at least one mobile network provider,4G coverage,Mission 4,"Boosting productivity, pay, jobs and living standards",2024-01,100.0,Percentage,%,,,,1,
e07000209,guildford,local-authority-district,4G coverage provided by at least one mobile network provider,4G coverage,Mission 4,"Boosting productivity, pay, jobs and living standards",2024-01,99.42,Percentage,%,,,,1,
e07000210,mole-valley,local-authority-district,4G coverage provided by at least one mobile network provider,4G coverage,Mission 4,"Boosting productivity, pay, jobs and living standards",2024-01,98.66,Percentage,%,,,,1,
e07000211,reigate-and-banstead,local-authority-district,4G coverage provided by at least one mobile network provider,4G coverage,Mission 4,"Boosting productivity, pay, jobs and living standards",2024-01,100.0,Percentage,%,,,,1,
e07000212,runnymede,local-authority-district,4G coverage provided by at least one mobile network provider,4G coverage,Mission 4,"Boosting productivity, pay, jobs and living standards",2024-01,100.0,Percentage,%,,,,1,
e07000213,spelthorne,local-authority-district,4G coverage provided by at least one mobile network provider,4G coverage,Mission 4,"Boosting productivity, pay, jobs and living standards",2024-01,100.0,Percentage,%,,,,1,
e07000214,surrey-heath,local-authority-district,4G coverage provided by at least one mobile network provider,4G coverage,Mission 4,"Boosting productivity, pay, jobs and living standards",2024-01,100.0,Percentage,%,,,,1,
e07000215,tandridge,local-authority-district,4G coverage provided by at least one mobile network provider,4G coverage,Mission 4,"Boosting productivity, pay, jobs and living standards",2024-01,100.0,Percentage,%,,,,1,
e07000216,waverley,local-authority-district,4G coverage provided by at least one mobile network provider,4G coverage,Mission 4,"Boosting productivity, pay, jobs and living standards",2024-01,99.29,Percentage,%,,,,1,
e07000217,woking,local-authority-district,4G coverage provided by at least one mobile network provider,4G coverage,Mission 4,"Boosting productivity, pay, jobs and living standards",2024-01,100.0,Percentage,%,,,,1,
e10000032,west-sussex,county-or-unitary-authority,4G coverage provided by at least one mobile network provider,4G coverage,Mission 4,"Boosting productivity, pay, jobs and living standards",2024-01,99.32,Percentage,%,,,,1,This data has been aggregated and may show differences to other published figures.
e07000223,adur,local-authority-district,4G coverage provided by at least one mobile network provider,4G coverage,Mission 4,"Boosting productivity, pay, jobs and living standards",2024-01,99.69,Percentage,%,,,,1,
e07000224,arun,local-authority-district,4G coverage provided by at least one mobile network provider,4G coverage,Mission 4,"Boosting productivity, pay, jobs and living standards",2024-01,99.22,Percentage,%,,,,1,
e07000225,chichester,local-authority-district,4G coverage provided by at least one mobile network provider,4G coverage,Mission 4,"Boosting productivity, pay, jobs and living standards",2024-01,99.05,Percentage,%,,,,1,
e07000226,crawley,local-authority-district,4G coverage provided by at least one mobile network provider,4G coverage,Mission 4,"Boosting productivity, pay, jobs and living standards",2024-01,100.0,Percentage,%,,,,1,
e07000227,horsham,local-authority-district,4G coverage provided by at least one mobile network provider,4G coverage,Mission 4,"Boosting productivity, pay, jobs and living standards",2024-01,99.77,Percentage,%,,,,1,
e07000228,mid-sussex,local-authority-district,4G coverage provided by at least one mobile network provider,4G coverage,Mission 4,"Boosting productivity, pay, jobs and living standards",2024-01,99.1,Percentage,%,,,,1,
e07000229,worthing,local-authority-district,4G coverage provided by at least one mobile network provider,4G coverage,Mission 4,"Boosting productivity, pay, jobs and living standards",2024-01,100.0,Percentage,%,,,,1,
e12000009,south-west,region,4G coverage provided by at least one mobile network provider,4G coverage,Mission 4,"Boosting productivity, pay, jobs and living standards",2024-01,98.25,Percentage,%,,,,1,This data has been aggregated and may show differences to other published figures.
e47000009,west-of-england,combined-authority-or-city-region,4G coverage provided by at least one mobile network provider,4G coverage,Mission 4,"Boosting productivity, pay, jobs and living standards",2024-01,99.79,Percentage,%,,,,1,This data has been aggregated and may show differences to other published figures.
e06000022,bath-and-north-east-somerset,county-or-unitary-authority,4G coverage provided by at least one mobile network provider,4G coverage,Mission 4,"Boosting productivity, pay, jobs and living standards",2024-01,99.54,Percentage,%,,,,1,
e06000058,bournemouth-christchurch-and-poole,county-or-unitary-authority,4G coverage provided by at least one mobile network provider,4G coverage,Mission 4,"Boosting productivity, pay, jobs and living standards",2024-01,100.0,Percentage,%,,,,1,
e06000023,bristol-city-of,county-or-unitary-authority,4G coverage provided by at least one mobile network provider,4G coverage,Mission 4,"Boosting productivity, pay, jobs and living standards",2024-01,100.0,Percentage,%,,,,1,
e06000052,cornwall,county-or-unitary-authority,4G coverage provided by at least one mobile network provider,4G coverage,Mission 4,"Boosting productivity, pay, jobs and living standards",2024-01,98.82,Percentage,%,,,,1,
e06000059,dorset,county-or-unitary-authority,4G coverage provided by at least one mobile network provider,4G coverage,Mission 4,"Boosting productivity, pay, jobs and living standards",2024-01,99.53,Percentage,%,,,,1,
e06000053,isles-of-scilly,county-or-unitary-authority,4G coverage provided by at least one mobile network provider,4G coverage,Mission 4,"Boosting productivity, pay, jobs and living standards",2024-01,97.18,Percentage,%,,,,1,
e06000024,north-somerset,county-or-unitary-authority,4G coverage provided by at least one mobile network provider,4G coverage,Mission 4,"Boosting productivity, pay, jobs and living standards",2024-01,99.91,Percentage,%,,,,1,
e06000026,plymouth,county-or-unitary-authority,4G coverage provided by at least one mobile network provider,4G coverage,Mission 4,"Boosting productivity, pay, jobs and living standards",2024-01,100.0,Percentage,%,,,,1,
e06000066,somerset,county-or-unitary-authority,4G coverage provided by at least one mobile network provider,4G coverage,Mission 4,"Boosting productivity, pay, jobs and living standards",2024-01,97.26,Percentage,%,,,,1,This data has been aggregated and may show differences to other published figures.
e06000025,south-gloucestershire,county-or-unitary-authority,4G coverage provided by at least one mobile network provider,4G coverage,Mission 4,"Boosting productivity, pay, jobs and living standards",2024-01,99.92,Percentage,%,,,,1,
e06000030,swindon,county-or-unitary-authority,4G coverage provided by at least one mobile network provider,4G coverage,Mission 4,"Boosting productivity, pay, jobs and living standards",2024-01,100.0,Percentage,%,,,,1,
e06000027,torbay,county-or-unitary-authority,4G coverage provided by at least one mobile network provider,4G coverage,Mission 4,"Boosting productivity, pay, jobs and living standards",2024-01,100.0,Percentage,%,,,,1,
e06000054,wiltshire,county-or-unitary-authority,4G coverage provided by at least one mobile network provider,4G coverage,Mission 4,"Boosting productivity, pay, jobs and living standards",2024-01,99.05,Percentage,%,,,,1,
e10000008,devon,county-or-unitary-authority,4G coverage provided by at least one mobile network provider,4G coverage,Mission 4,"Boosting productivity, pay, jobs and living standards",2024-01,96.71,Percentage,%,,,,1,This data has been aggregated and may show differences to other published figures.
e07000040,east-devon,local-authority-district,4G coverage provided by at least one mobile network provider,4G coverage,Mission 4,"Boosting productivity, pay, jobs and living standards",2024-01,99.41,Percentage,%,,,,1,
e07000041,exeter,local-authority-district,4G coverage provided by at least one mobile network provider,4G coverage,Mission 4,"Boosting productivity, pay, jobs and living standards",2024-01,100.0,Percentage,%,,,,1,
e07000042,mid-devon,local-authority-district,4G coverage provided by at least one mobile network provider,4G coverage,Mission 4,"Boosting productivity, pay, jobs and living standards",2024-01,97.57,Percentage,%,,,,1,
e07000043,north-devon,local-authority-district,4G coverage provided by at least one mobile network provider,4G coverage,Mission 4,"Boosting productivity, pay, jobs and living standards",2024-01,97.14,Percentage,%,,,,1,
e07000044,south-hams,local-authority-district,4G coverage provided by at least one mobile network provider,4G coverage,Mission 4,"Boosting productivity, pay, jobs and living standards",2024-01,96.91,Percentage,%,,,,1,
e07000045,teignbridge,local-authority-district,4G coverage provided by at least one mobile network provider,4G coverage,Mission 4,"Boosting productivity, pay, jobs and living standards",2024-01,93.69,Percentage,%,,,,1,
e07000046,torridge,local-authority-district,4G coverage provided by at least one mobile network provider,4G coverage,Mission 4,"Boosting productivity, pay, jobs and living standards",2024-01,98.04,Percentage,%,,,,1,
e07000047,west-devon,local-authority-district,4G coverage provided by at least one mobile network provider,4G coverage,Mission 4,"Boosting productivity, pay, jobs and living standards",2024-01,94.1,Percentage,%,,,,1,
e10000013,gloucestershire,county-or-unitary-authority,4G coverage provided by at least one mobile network provider,4G coverage,Mission 4,"Boosting productivity, pay, jobs and living standards",2024-01,99.24,Percentage,%,,,,1,This data has been aggregated and may show differences to other published figures.
e07000078,cheltenham,local-authority-district,4G coverage provided by at least one mobile network provider,4G coverage,Mission 4,"Boosting productivity, pay, jobs and living standards",2024-01,99.98,Percentage,%,,,,1,
e07000079,cotswold,local-authority-district,4G coverage provided by at least one mobile network provider,4G coverage,Mission 4,"Boosting productivity, pay, jobs and living standards",2024-01,99.28,Percentage,%,,,,1,
e07000080,forest-of-dean,local-authority-district,4G coverage provided by at least one mobile network provider,4G coverage,Mission 4,"Boosting productivity, pay, jobs and living standards",2024-01,98.85,Percentage,%,,,,1,
e07000081,gloucester,local-authority-district,4G coverage provided by at least one mobile network provider,4G coverage,Mission 4,"Boosting productivity, pay, jobs and living standards",2024-01,100.0,Percentage,%,,,,1,
e07000082,stroud,local-authority-district,4G coverage provided by at least one mobile network provider,4G coverage,Mission 4,"Boosting productivity, pay, jobs and living standards",2024-01,98.96,Percentage,%,,,,1,
e07000083,tewkesbury,local-authority-district,4G coverage provided by at least one mobile network provider,4G coverage,Mission 4,"Boosting productivity, pay, jobs and living standards",2024-01,99.78,Percentage,%,,,,1,
e07000187,mendip,local-authority-district,4G coverage provided by at least one mobile network provider,4G coverage,Mission 4,"Boosting productivity, pay, jobs and living standards",2024-01,99.93,Percentage,%,,,,1,Obsolete code since 2023 (replaced by E06000066 Somerset)
e07000188,sedgemoor,local-authority-district,4G coverage provided by at least one mobile network provider,4G coverage,Mission 4,"Boosting productivity, pay, jobs and living standards",2024-01,99.25,Percentage,%,,,,1,Obsolete code since 2023 (replaced by E06000066 Somerset)
e07000246,somerset-west-and-taunton,local-authority-district,4G coverage provided by at least one mobile network provider,4G coverage,Mission 4,"Boosting productivity, pay, jobs and living standards",2024-01,92.64,Percentage,%,,,,1,Obsolete code since 2023 (replaced by E06000066 Somerset)
e07000189,south-somerset,local-authority-district,4G coverage provided by at least one mobile network provider,4G coverage,Mission 4,"Boosting productivity, pay, jobs and living standards",2024-01,99.75,Percentage,%,,,,1,Obsolete code since 2023 (replaced by E06000066 Somerset)
w92000004,wales,nation,4G coverage provided by at least one mobile network provider,4G coverage,Mission 4,"Boosting productivity, pay, jobs and living standards",2024-01,91.94,Percentage,%,,,,1,This data has been aggregated and may show differences to other published figures.
w06000001,isle-of-anglesey,local-authority-district,4G coverage provided by at least one mobile network provider,4G coverage,Mission 4,"Boosting productivity, pay, jobs and living standards",2024-01,99.69,Percentage,%,,,,1,
w06000002,gwynedd,local-authority-district,4G coverage provided by at least one mobile network provider,4G coverage,Mission 4,"Boosting productivity, pay, jobs and living standards",2024-01,84.69,Percentage,%,,,,1,
w06000003,conwy,local-authority-district,4G coverage provided by at least one mobile network provider,4G coverage,Mission 4,"Boosting productivity, pay, jobs and living standards",2024-01,90.3,Percentage,%,,,,1,
w06000004,denbighshire,local-authority-district,4G coverage provided by at least one mobile network provider,4G coverage,Mission 4,"Boosting productivity, pay, jobs and living standards",2024-01,96.09,Percentage,%,,,,1,
w06000005,flintshire,local-authority-district,4G coverage provided by at least one mobile network provider,4G coverage,Mission 4,"Boosting productivity, pay, jobs and living standards",2024-01,99.84,Percentage,%,,,,1,
w06000006,wrexham,local-authority-district,4G coverage provided by at least one mobile network provider,4G coverage,Mission 4,"Boosting productivity, pay, jobs and living standards",2024-01,96.51,Percentage,%,,,,1,
w06000023,powys,local-authority-district,4G coverage provided by at least one mobile network provider,4G coverage,Mission 4,"Boosting productivity, pay, jobs and living standards",2024-01,87.27,Percentage,%,,,,1,
w06000008,ceredigion,local-authority-district,4G coverage provided by at least one mobile network provider,4G coverage,Mission 4,"Boosting productivity, pay, jobs and living standards",2024-01,86.12,Percentage,%,,,,1,
w06000009,pembrokeshire,local-authority-district,4G coverage provided by at least one mobile network provider,4G coverage,Mission 4,"Boosting productivity, pay, jobs and living standards",2024-01,98.79,Percentage,%,,,,1,
w06000010,carmarthenshire,local-authority-district,4G coverage provided by at least one mobile network provider,4G coverage,Mission 4,"Boosting productivity, pay, jobs and living standards",2024-01,95.11,Percentage,%,,,,1,
w06000011,swansea,local-authority-district,4G coverage provided by at least one mobile network provider,4G coverage,Mission 4,"Boosting productivity, pay, jobs and living standards",2024-01,98.22,Percentage,%,,,,1,
w06000012,neath-port-talbot,local-authority-district,4G coverage provided by at least one mobile network provider,4G coverage,Mission 4,"Boosting productivity, pay, jobs and living standards",2024-01,97.68,Percentage,%,,,,1,
w06000013,bridgend,local-authority-district,4G coverage provided by at least one mobile network provider,4G coverage,Mission 4,"Boosting productivity, pay, jobs and living standards",2024-01,99.56,Percentage,%,,,,1,
w06000014,vale-of-glamorgan,local-authority-district,4G coverage provided by at least one mobile network provider,4G coverage,Mission 4,"Boosting productivity, pay, jobs and living standards",2024-01,99.82,Percentage,%,,,,1,
w06000015,cardiff,local-authority-district,4G coverage provided by at least one mobile network provider,4G coverage,Mission 4,"Boosting productivity, pay, jobs and living standards",2024-01,100.0,Percentage,%,,,,1,
w06000016,rhondda-cynon-taf,local-authority-district,4G coverage provided by at least one mobile network provider,4G coverage,Mission 4,"Boosting productivity, pay, jobs and living standards",2024-01,99.23,Percentage,%,,,,1,
w06000024,merthyr-tydfil,local-authority-district,4G coverage provided by at least one mobile network provider,4G coverage,Mission 4,"Boosting productivity, pay, jobs and living standards",2024-01,99.13,Percentage,%,,,,1,
w06000018,caerphilly,local-authority-district,4G coverage provided by at least one mobile network provider,4G coverage,Mission 4,"Boosting productivity, pay, jobs and living standards",2024-01,98.69,Percentage,%,,,,1,
w06000019,blaenau-gwent,local-authority-district,4G coverage provided by at least one mobile network provider,4G coverage,Mission 4,"Boosting productivity, pay, jobs and living standards",2024-01,99.87,Percentage,%,,,,1,
w06000020,torfaen,local-authority-district,4G coverage provided by at least one mobile network provider,4G coverage,Mission 4,"Boosting productivity, pay, jobs and living standards",2024-01,98.46,Percentage,%,,,,1,
w06000021,monmouthshire,local-authority-district,4G coverage provided by at least one mobile network provider,4G coverage,Mission 4,"Boosting productivity, pay, jobs and living standards",2024-01,94.38,Percentage,%,,,,1,
w06000022,newport,local-authority-district,4G coverage provided by at least one mobile network provider,4G coverage,Mission 4,"Boosting productivity, pay, jobs and living standards",2024-01,100.0,Percentage,%,,,,1,
s92000003,scotland,nation,4G coverage provided by at least one mobile network provider,4G coverage,Mission 4,"Boosting productivity, pay, jobs and living standards",2024-01,84.78,Percentage,%,,,,1,This data has been aggregated and may show differences to other published figures.
s12000033,aberdeen-city,local-authority-district,4G coverage provided by at least one mobile network provider,4G coverage,Mission 4,"Boosting productivity, pay, jobs and living standards",2024-01,99.99,Percentage,%,,,,1,
s12000034,aberdeenshire,local-authority-district,4G coverage provided by at least one mobile network provider,4G coverage,Mission 4,"Boosting productivity, pay, jobs and living standards",2024-01,91.99,Percentage,%,,,,1,
s12000041,angus,local-authority-district,4G coverage provided by at least one mobile network provider,4G coverage,Mission 4,"Boosting productivity, pay, jobs and living standards",2024-01,77.58,Percentage,%,,,,1,
s12000035,argyll-and-bute,local-authority-district,4G coverage provided by at least one mobile network provider,4G coverage,Mission 4,"Boosting productivity, pay, jobs and living standards",2024-01,84.58,Percentage,%,,,,1,
s12000036,city-of-edinburgh,local-authority-district,4G coverage provided by at least one mobile network provider,4G coverage,Mission 4,"Boosting productivity, pay, jobs and living standards",2024-01,99.93,Percentage,%,,,,1,
s12000005,clackmannanshire,local-authority-district,4G coverage provided by at least one mobile network provider,4G coverage,Mission 4,"Boosting productivity, pay, jobs and living standards",2024-01,97.3,Percentage,%,,,,1,
s12000006,dumfries-and-galloway,local-authority-district,4G coverage provided by at least one mobile network provider,4G coverage,Mission 4,"Boosting productivity, pay, jobs and living standards",2024-01,92.89,Percentage,%,,,,1,
s12000042,dundee-city,local-authority-district,4G coverage provided by at least one mobile network provider,4G coverage,Mission 4,"Boosting productivity, pay, jobs and living standards",2024-01,100.0,Percentage,%,,,,1,
s12000008,east-ayrshire,local-authority-district,4G coverage provided by at least one mobile network provider,4G coverage,Mission 4,"Boosting productivity, pay, jobs and living standards",2024-01,92.03,Percentage,%,,,,1,
s12000045,east-dunbartonshire,local-authority-district,4G coverage provided by at least one mobile network provider,4G coverage,Mission 4,"Boosting productivity, pay, jobs and living standards",2024-01,97.77,Percentage,%,,,,1,
s12000010,east-lothian,local-authority-district,4G coverage provided by at least one mobile network provider,4G coverage,Mission 4,"Boosting productivity, pay, jobs and living standards",2024-01,93.45,Percentage,%,,,,1,
s12000011,east-renfrewshire,local-authority-district,4G coverage provided by at least one mobile network provider,4G coverage,Mission 4,"Boosting productivity, pay, jobs and living standards",2024-01,99.28,Percentage,%,,,,1,
s12000014,falkirk,local-authority-district,4G coverage provided by at least one mobile network provider,4G coverage,Mission 4,"Boosting productivity, pay, jobs and living standards",2024-01,99.94,Percentage,%,,,,1,
s12000047,fife,local-authority-district,4G coverage provided by at least one mobile network provider,4G coverage,Mission 4,"Boosting productivity, pay, jobs and living standards",2024-01,99.9,Percentage,%,,,,1,
s12000049,glasgow-city,local-authority-district,4G coverage provided by at least one mobile network provider,4G coverage,Mission 4,"Boosting productivity, pay, jobs and living standards",2024-01,100.0,Percentage,%,,,,1,
s12000017,highland,local-authority-district,4G coverage provided by at least one mobile network provider,4G coverage,Mission 4,"Boosting productivity, pay, jobs and living standards",2024-01,76.16,Percentage,%,,,,1,
s12000018,inverclyde,local-authority-district,4G coverage provided by at least one mobile network provider,4G coverage,Mission 4,"Boosting productivity, pay, jobs and living standards",2024-01,97.65,Percentage,%,,,,1,
s12000019,midlothian,local-authority-district,4G coverage provided by at least one mobile network provider,4G coverage,Mission 4,"Boosting productivity, pay, jobs and living standards",2024-01,97.5,Percentage,%,,,,1,
s12000020,moray,local-authority-district,4G coverage provided by at least one mobile network provider,4G coverage,Mission 4,"Boosting productivity, pay, jobs and living standards",2024-01,90.36,Percentage,%,,,,1,
s12000013,na-h-eileanan-siar,local-authority-district,4G coverage provided by at least one mobile network provider,4G coverage,Mission 4,"Boosting productivity, pay, jobs and living standards",2024-01,89.47,Percentage,%,,,,1,
s12000021,north-ayrshire,local-authority-district,4G coverage provided by at least one mobile network provider,4G coverage,Mission 4,"Boosting productivity, pay, jobs and living standards",2024-01,91.83,Percentage,%,,,,1,
s12000050,north-lanarkshire,local-authority-district,4G coverage provided by at least one mobile network provider,4G coverage,Mission 4,"Boosting productivity, pay, jobs and living standards",2024-01,99.86,Percentage,%,,,,1,
s12000023,orkney-islands,local-authority-district,4G coverage provided by at least one mobile network provider,4G coverage,Mission 4,"Boosting productivity, pay, jobs and living standards",2024-01,98.7,Percentage,%,,,,1,
s12000048,perth-and-kinross,local-authority-district,4G coverage provided by at least one mobile network provider,4G coverage,Mission 4,"Boosting productivity, pay, jobs and living standards",2024-01,78.69,Percentage,%,,,,1,
s12000038,renfrewshire,local-authority-district,4G coverage provided by at least one mobile network provider,4G coverage,Mission 4,"Boosting productivity, pay, jobs and living standards",2024-01,99.07,Percentage,%,,,,1,
s12000026,scottish-borders,local-authority-district,4G coverage provided by at least one mobile network provider,4G coverage,Mission 4,"Boosting productivity, pay, jobs and living standards",2024-01,87.88,Percentage,%,,,,1,
s12000027,shetland-islands,local-authority-district,4G coverage provided by at least one mobile network provider,4G coverage,Mission 4,"Boosting productivity, pay, jobs and living standards",2024-01,97.75,Percentage,%,,,,1,
s12000028,south-ayrshire,local-authority-district,4G coverage provided by at least one mobile network provider,4G coverage,Mission 4,"Boosting productivity, pay, jobs and living standards",2024-01,87.47,Percentage,%,,,,1,
s12000029,south-lanarkshire,local-authority-district,4G coverage provided by at least one mobile network provider,4G coverage,Mission 4,"Boosting productivity, pay, jobs and living standards",2024-01,94.44,Percentage,%,,,,1,
s12000030,stirling,local-authority-district,4G coverage provided by at least one mobile network provider,4G coverage,Mission 4,"Boosting productivity, pay, jobs and living standards",2024-01,82.17,Percentage,%,,,,1,
s12000039,west-dunbartonshire,local-authority-district,4G coverage provided by at least one mobile network provider,4G coverage,Mission 4,"Boosting productivity, pay, jobs and living standards",2024-01,97.14,Percentage,%,,,,1,
s12000040,west-lothian,local-authority-district,4G coverage provided by at least one mobile network provider,4G coverage,Mission 4,"Boosting productivity, pay, jobs and living standards",2024-01,99.81,Percentage,%,,,,1,
n92000002,northern-ireland,nation,4G coverage provided by at least one mobile network provider,4G coverage,Mission 4,"Boosting productivity, pay, jobs and living standards",2024-01,97.28,Percentage,%,,,,1,This data has been aggregated and may show differences to other published figures.
n09000001,antrim-and-newtownabbey,local-authority-district,4G coverage provided by at least one mobile network provider,4G coverage,Mission 4,"Boosting productivity, pay, jobs and living standards",2024-01,99.93,Percentage,%,,,,1,
n09000002,armagh-city-banbridge-and-craigavon,local-authority-district,4G coverage provided by at least one mobile network provider,4G coverage,Mission 4,"Boosting productivity, pay, jobs and living standards",2024-01,99.25,Percentage,%,,,,1,
n09000003,belfast,local-authority-district,4G coverage provided by at least one mobile network provider,4G coverage,Mission 4,"Boosting productivity, pay, jobs and living standards",2024-01,100.0,Percentage,%,,,,1,
n09000004,causeway-coast-and-glens,local-authority-district,4G coverage provided by at least one mobile network provider,4G coverage,Mission 4,"Boosting productivity, pay, jobs and living standards",2024-01,96.39,Percentage,%,,,,1,
n09000005,derry-city-and-strabane,local-authority-district,4G coverage provided by at least one mobile network provider,4G coverage,Mission 4,"Boosting productivity, pay, jobs and living standards",2024-01,92.59,Percentage,%,,,,1,
n09000006,fermanagh-and-omagh,local-authority-district,4G coverage provided by at least one mobile network provider,4G coverage,Mission 4,"Boosting productivity, pay, jobs and living standards",2024-01,97.47,Percentage,%,,,,1,
n09000007,lisburn-and-castlereagh,local-authority-district,4G coverage provided by at least one mobile network provider,4G coverage,Mission 4,"Boosting productivity, pay, jobs and living standards",2024-01,100.0,Percentage,%,,,,1,
n09000008,mid-and-east-antrim,local-authority-district,4G coverage provided by at least one mobile network provider,4G coverage,Mission 4,"Boosting productivity, pay, jobs and living standards",2024-01,99.0,Percentage,%,,,,1,
n09000009,mid-ulster,local-authority-district,4G coverage provided by at least one mobile network provider,4G coverage,Mission 4,"Boosting productivity, pay, jobs and living standards",2024-01,99.29,Percentage,%,,,,1,
n09000010,newry-mourne-and-down,local-authority-district,4G coverage provided by at least one mobile network provider,4G coverage,Mission 4,"Boosting productivity, pay, jobs and living standards",2024-01,93.9,Percentage,%,,,,1,
n09000011,ards-and-north-down,local-authority-district,4G coverage provided by at least one mobile network provider,4G coverage,Mission 4,"Boosting productivity, pay, jobs and living standards",2024-01,100.0,Percentage,%,,,,1,
