areacd,areanm,geography,period,unit,communication_and_language,communication_measure,communication_lower_confidence_interval_95,communication_upper_confidence_interval_95,communication_observation_status,literacy,literacy_measure,literacy_lower_confidence_interval_95,literacy_upper_confidence_interval_95,literacy_observation_status,mathematics,mathematics_measure,mathematics_lower_confidence_interval_95,mathematics_upper_confidence_interval_95,mathematics_observation_status
E92000001,England,Nation,2022-09-01T00:00:00/P1Y,%,79.7,Percentage,,,,69.7,Percentage,,,,77.1,Percentage,,,
E92000001,England,Nation,2021-09-01T00:00:00/P1Y,%,79.5,Percentage,,,,68.0,Percentage,,,,75.9,Percentage,,,
K99000004,Outside of England and Unknown,Region,2021-09-01T00:00:00/P1Y,%,75.8,Percentage,,,,60.7,Percentage,,,,68.1,Percentage,,,
K99000004,Outside of England and Unknown,Region,2022-09-01T00:00:00/P1Y,%,76.0,Percentage,,,,60.9,Percentage,,,,71.2,Percentage,,,
E12000001,North East,Region,2021-09-01T00:00:00/P1Y,%,79.0,Percentage,,,,66.6,Percentage,,,,74.2,Percentage,,,
E12000001,North East,Region,2022-09-01T00:00:00/P1Y,%,78.9,Percentage,,,,68.4,Percentage,,,,75.6,Percentage,,,
E47000006,Tees Valley,Combined Authority or City Region,2022-09-01T00:00:00/P1Y,%,76.7,Percentage,,,,67.4,Percentage,,,,74.0,Percentage,,,
E47000006,Tees Valley,Combined Authority or City Region,2021-09-01T00:00:00/P1Y,%,76.3,Percentage,,,,66.2,Percentage,,,,72.9,Percentage,,,
E47000014,North East,Combined Authority or City Region,2021-09-01T00:00:00/P1Y,%,80.1,Percentage,,,,66.8,Percentage,,,,74.7,Percentage,,,
E47000014,North East,Combined Authority or City Region,2022-09-01T00:00:00/P1Y,%,79.7,Percentage,,,,68.8,Percentage,,,,76.2,Percentage,,,
E06000047,County Durham,County or Unitary Authority,2022-09-01T00:00:00/P1Y,%,77.9,Percentage,,,,68.7,Percentage,,,,75.1,Percentage,,,
E06000047,County Durham,County or Unitary Authority,2021-09-01T00:00:00/P1Y,%,79.1,Percentage,,,,67.2,Percentage,,,,74.8,Percentage,,,
E06000005,Darlington,County or Unitary Authority,2022-09-01T00:00:00/P1Y,%,76.4,Percentage,,,,66.7,Percentage,,,,73.5,Percentage,,,
E06000005,Darlington,County or Unitary Authority,2021-09-01T00:00:00/P1Y,%,76.7,Percentage,,,,67.7,Percentage,,,,74.9,Percentage,,,
E06000001,Hartlepool,County or Unitary Authority,2022-09-01T00:00:00/P1Y,%,76.0,Percentage,,,,66.5,Percentage,,,,73.1,Percentage,,,
E06000001,Hartlepool,County or Unitary Authority,2021-09-01T00:00:00/P1Y,%,76.1,Percentage,,,,67.8,Percentage,,,,73.5,Percentage,,,
E06000002,Middlesbrough,County or Unitary Authority,2021-09-01T00:00:00/P1Y,%,69.8,Percentage,,,,59.0,Percentage,,,,65.4,Percentage,,,
E06000002,Middlesbrough,County or Unitary Authority,2022-09-01T00:00:00/P1Y,%,71.1,Percentage,,,,62.3,Percentage,,,,67.8,Percentage,,,
E06000057,Northumberland,County or Unitary Authority,2022-09-01T00:00:00/P1Y,%,81.5,Percentage,,,,71.3,Percentage,,,,79.7,Percentage,,,
E06000057,Northumberland,County or Unitary Authority,2021-09-01T00:00:00/P1Y,%,82.2,Percentage,,,,70.1,Percentage,,,,78.5,Percentage,,,
E06000003,Redcar and Cleveland,County or Unitary Authority,2021-09-01T00:00:00/P1Y,%,76.9,Percentage,,,,67.3,Percentage,,,,74.6,Percentage,,,
E06000003,Redcar and Cleveland,County or Unitary Authority,2022-09-01T00:00:00/P1Y,%,79.4,Percentage,,,,69.3,Percentage,,,,76.1,Percentage,,,
E06000004,Stockton-on-Tees,County or Unitary Authority,2021-09-01T00:00:00/P1Y,%,81.5,Percentage,,,,70.1,Percentage,,,,77.2,Percentage,,,
E06000004,Stockton-on-Tees,County or Unitary Authority,2022-09-01T00:00:00/P1Y,%,80.5,Percentage,,,,71.5,Percentage,,,,78.8,Percentage,,,
E08000037,Gateshead,Local Authority District,2021-09-01T00:00:00/P1Y,%,85.5,Percentage,,,,65.9,Percentage,,,,75.1,Percentage,,,
E08000037,Gateshead,Local Authority District,2022-09-01T00:00:00/P1Y,%,85.0,Percentage,,,,69.8,Percentage,,,,76.3,Percentage,,,
E08000021,Newcastle upon Tyne,Local Authority District,2021-09-01T00:00:00/P1Y,%,79.2,Percentage,,,,64.1,Percentage,,,,73.0,Percentage,,,
E08000021,Newcastle upon Tyne,Local Authority District,2022-09-01T00:00:00/P1Y,%,78.2,Percentage,,,,65.8,Percentage,,,,73.8,Percentage,,,
E08000022,North Tyneside,Local Authority District,2021-09-01T00:00:00/P1Y,%,80.1,Percentage,,,,65.7,Percentage,,,,73.8,Percentage,,,
E08000022,North Tyneside,Local Authority District,2022-09-01T00:00:00/P1Y,%,80.6,Percentage,,,,68.5,Percentage,,,,77.8,Percentage,,,
E08000023,South Tyneside,Local Authority District,2022-09-01T00:00:00/P1Y,%,79.3,Percentage,,,,71.4,Percentage,,,,77.1,Percentage,,,
E08000023,South Tyneside,Local Authority District,2021-09-01T00:00:00/P1Y,%,79.3,Percentage,,,,67.8,Percentage,,,,73.9,Percentage,,,
E08000024,Sunderland,Local Authority District,2021-09-01T00:00:00/P1Y,%,77.2,Percentage,,,,66.2,Percentage,,,,73.0,Percentage,,,
E08000024,Sunderland,Local Authority District,2022-09-01T00:00:00/P1Y,%,78.4,Percentage,,,,67.8,Percentage,,,,75.2,Percentage,,,
E12000002,North West ,Region,2021-09-01T00:00:00/P1Y,%,76.5,Percentage,,,,64.6,Percentage,,,,72.9,Percentage,,,
E12000002,North West ,Region,2022-09-01T00:00:00/P1Y,%,77.1,Percentage,,,,66.7,Percentage,,,,74.3,Percentage,,,
E06000008,Blackburn with Darwen,County or Unitary Authority,2022-09-01T00:00:00/P1Y,%,74.7,Percentage,,,,65.9,Percentage,,,,72.2,Percentage,,,
E06000008,Blackburn with Darwen,County or Unitary Authority,2021-09-01T00:00:00/P1Y,%,74.6,Percentage,,,,66.0,Percentage,,,,72.4,Percentage,,,
E06000009,Blackpool,County or Unitary Authority,2021-09-01T00:00:00/P1Y,%,73.7,Percentage,,,,62.3,Percentage,,,,72.0,Percentage,,,
E06000009,Blackpool,County or Unitary Authority,2022-09-01T00:00:00/P1Y,%,75.6,Percentage,,,,66.2,Percentage,,,,72.5,Percentage,,,
E06000049,Cheshire East,County or Unitary Authority,2021-09-01T00:00:00/P1Y,%,81.1,Percentage,,,,70.0,Percentage,,,,77.2,Percentage,,,
E06000049,Cheshire East,County or Unitary Authority,2022-09-01T00:00:00/P1Y,%,81.3,Percentage,,,,72.2,Percentage,,,,79.6,Percentage,,,
E06000050,Cheshire West and Chester,County or Unitary Authority,2022-09-01T00:00:00/P1Y,%,79.5,Percentage,,,,70.3,Percentage,,,,77.5,Percentage,,,
E06000050,Cheshire West and Chester,County or Unitary Authority,2021-09-01T00:00:00/P1Y,%,82.1,Percentage,,,,70.2,Percentage,,,,78.5,Percentage,,,
E06000006,Halton,County or Unitary Authority,2021-09-01T00:00:00/P1Y,%,77.9,Percentage,,,,61.7,Percentage,,,,71.9,Percentage,,,
E06000006,Halton,County or Unitary Authority,2022-09-01T00:00:00/P1Y,%,76.5,Percentage,,,,64.2,Percentage,,,,71.8,Percentage,,,
E06000007,Warrington,County or Unitary Authority,2022-09-01T00:00:00/P1Y,%,79.9,Percentage,,,,71.7,Percentage,,,,78.9,Percentage,,,
E06000007,Warrington,County or Unitary Authority,2021-09-01T00:00:00/P1Y,%,81.4,Percentage,,,,71.5,Percentage,,,,79.8,Percentage,,,
E10000006,Cumbria ,County or Unitary Authority,2021-09-01T00:00:00/P1Y,%,81.2,Percentage,,,,65.5,Percentage,,,,74.2,Percentage,,,
E06000063,Cumberland,County or Unitary Authority,2021-09-01T00:00:00/P1Y,%,79.4,Percentage,,,,63.9,Percentage,,,,72.0,Percentage,,,
E06000063,Cumberland,County or Unitary Authority,2022-09-01T00:00:00/P1Y,%,82.1,Percentage,,,,69.0,Percentage,,,,75.3,Percentage,,,
E06000064,Westmorland and Furness,County or Unitary Authority,2022-09-01T00:00:00/P1Y,%,81.9,Percentage,,,,69.0,Percentage,,,,77.1,Percentage,,,
E06000064,Westmorland and Furness,County or Unitary Authority,2021-09-01T00:00:00/P1Y,%,83.7,Percentage,,,,67.8,Percentage,,,,77.3,Percentage,,,
E07000026,Allerdale,Local Authority District,2021-09-01T00:00:00/P1Y,%,80.7,Percentage,,,,66.1,Percentage,,,,74.3,Percentage,,,
E07000027,Barrow-in-Furness,Local Authority District,2021-09-01T00:00:00/P1Y,%,77.5,Percentage,,,,61.2,Percentage,,,,69.3,Percentage,,,
E07000028,Carlisle,Local Authority District,2021-09-01T00:00:00/P1Y,%,79.8,Percentage,,,,60.8,Percentage,,,,70.2,Percentage,,,
E07000029,Copeland,Local Authority District,2021-09-01T00:00:00/P1Y,%,77.0,Percentage,,,,65.6,Percentage,,,,71.4,Percentage,,,
E07000030,Eden,Local Authority District,2021-09-01T00:00:00/P1Y,%,84.4,Percentage,,,,68.5,Percentage,,,,79.2,Percentage,,,
E07000031,South Lakeland,Local Authority District,2021-09-01T00:00:00/P1Y,%,88.0,Percentage,,,,72.4,Percentage,,,,82.2,Percentage,,,
E47000001,Greater Manchester,Combined Authority or City Region,2022-09-01T00:00:00/P1Y,%,75.7,Percentage,,,,65.5,Percentage,,,,73.2,Percentage,,,
E47000001,Greater Manchester,Combined Authority or City Region,2021-09-01T00:00:00/P1Y,%,75.1,Percentage,,,,63.3,Percentage,,,,71.4,Percentage,,,
E08000001,Bolton,Local Authority District,2022-09-01T00:00:00/P1Y,%,75.2,Percentage,,,,66.1,Percentage,,,,72.1,Percentage,,,
E08000001,Bolton,Local Authority District,2021-09-01T00:00:00/P1Y,%,75.9,Percentage,,,,65.8,Percentage,,,,72.0,Percentage,,,
E08000002,Bury,Local Authority District,2022-09-01T00:00:00/P1Y,%,79.5,Percentage,,,,68.0,Percentage,,,,75.9,Percentage,,,
E08000002,Bury,Local Authority District,2021-09-01T00:00:00/P1Y,%,80.0,Percentage,,,,66.1,Percentage,,,,74.5,Percentage,,,
E08000003,Manchester,Local Authority District,2021-09-01T00:00:00/P1Y,%,68.0,Percentage,,,,55.4,Percentage,,,,63.9,Percentage,,,
E08000003,Manchester,Local Authority District,2022-09-01T00:00:00/P1Y,%,69.7,Percentage,,,,60.2,Percentage,,,,67.4,Percentage,,,
E08000004,Oldham ,Local Authority District,2022-09-01T00:00:00/P1Y,%,75.4,Percentage,,,,64.4,Percentage,,,,71.2,Percentage,,,
E08000004,Oldham ,Local Authority District,2021-09-01T00:00:00/P1Y,%,73.0,Percentage,,,,62.5,Percentage,,,,69.1,Percentage,,,
E08000005,Rochdale,Local Authority District,2022-09-01T00:00:00/P1Y,%,74.3,Percentage,,,,64.2,Percentage,,,,72.3,Percentage,,,
E08000005,Rochdale,Local Authority District,2021-09-01T00:00:00/P1Y,%,73.9,Percentage,,,,61.8,Percentage,,,,69.7,Percentage,,,
E08000006,Salford,Local Authority District,2021-09-01T00:00:00/P1Y,%,73.4,Percentage,,,,60.5,Percentage,,,,71.0,Percentage,,,
E08000006,Salford,Local Authority District,2022-09-01T00:00:00/P1Y,%,75.4,Percentage,,,,64.1,Percentage,,,,74.0,Percentage,,,
E08000007,Stockport,Local Authority District,2022-09-01T00:00:00/P1Y,%,80.5,Percentage,,,,69.5,Percentage,,,,77.8,Percentage,,,
E08000007,Stockport,Local Authority District,2021-09-01T00:00:00/P1Y,%,80.4,Percentage,,,,68.2,Percentage,,,,77.4,Percentage,,,
E08000008,Tameside,Local Authority District,2021-09-01T00:00:00/P1Y,%,76.2,Percentage,,,,63.0,Percentage,,,,71.3,Percentage,,,
E08000008,Tameside,Local Authority District,2022-09-01T00:00:00/P1Y,%,76.3,Percentage,,,,64.2,Percentage,,,,73.2,Percentage,,,
E08000009,Trafford,Local Authority District,2022-09-01T00:00:00/P1Y,%,83.7,Percentage,,,,75.0,Percentage,,,,81.8,Percentage,,,
E08000009,Trafford,Local Authority District,2021-09-01T00:00:00/P1Y,%,84.7,Percentage,,,,74.7,Percentage,,,,82.1,Percentage,,,
E08000010,Wigan,Local Authority District,2022-09-01T00:00:00/P1Y,%,75.7,Percentage,,,,66.0,Percentage,,,,73.4,Percentage,,,
E08000010,Wigan,Local Authority District,2021-09-01T00:00:00/P1Y,%,75.3,Percentage,,,,64.6,Percentage,,,,72.5,Percentage,,,
E10000017,Lancashire,County or Unitary Authority,2022-09-01T00:00:00/P1Y,%,78.1,Percentage,,,,67.5,Percentage,,,,75.3,Percentage,,,
E10000017,Lancashire,County or Unitary Authority,2021-09-01T00:00:00/P1Y,%,76.5,Percentage,,,,65.3,Percentage,,,,73.7,Percentage,,,
E07000117,Burnley,Local Authority District,2022-09-01T00:00:00/P1Y,%,68.0,Percentage,,,,59.0,Percentage,,,,65.8,Percentage,,,
E07000117,Burnley,Local Authority District,2021-09-01T00:00:00/P1Y,%,68.4,Percentage,,,,56.7,Percentage,,,,64.9,Percentage,,,
E07000118,Chorley,Local Authority District,2021-09-01T00:00:00/P1Y,%,79.2,Percentage,,,,69.1,Percentage,,,,76.7,Percentage,,,
E07000118,Chorley,Local Authority District,2022-09-01T00:00:00/P1Y,%,78.1,Percentage,,,,69.2,Percentage,,,,76.7,Percentage,,,
E07000119,Fylde,Local Authority District,2022-09-01T00:00:00/P1Y,%,83.4,Percentage,,,,76.4,Percentage,,,,81.9,Percentage,,,
E07000119,Fylde,Local Authority District,2021-09-01T00:00:00/P1Y,%,82.2,Percentage,,,,71.8,Percentage,,,,81.8,Percentage,,,
E07000120,Hyndburn,Local Authority District,2021-09-01T00:00:00/P1Y,%,73.3,Percentage,,,,61.9,Percentage,,,,67.1,Percentage,,,
E07000120,Hyndburn,Local Authority District,2022-09-01T00:00:00/P1Y,%,75.7,Percentage,,,,66.7,Percentage,,,,73.7,Percentage,,,
E07000121,Lancaster,Local Authority District,2021-09-01T00:00:00/P1Y,%,78.6,Percentage,,,,65.5,Percentage,,,,76.8,Percentage,,,
E07000121,Lancaster,Local Authority District,2022-09-01T00:00:00/P1Y,%,81.9,Percentage,,,,70.6,Percentage,,,,79.3,Percentage,,,
E07000122,Pendle,Local Authority District,2021-09-01T00:00:00/P1Y,%,67.0,Percentage,,,,59.3,Percentage,,,,65.7,Percentage,,,
E07000122,Pendle,Local Authority District,2022-09-01T00:00:00/P1Y,%,73.2,Percentage,,,,63.4,Percentage,,,,70.6,Percentage,,,
E07000123,Preston,Local Authority District,2021-09-01T00:00:00/P1Y,%,78.1,Percentage,,,,67.9,Percentage,,,,75.2,Percentage,,,
E07000123,Preston,Local Authority District,2022-09-01T00:00:00/P1Y,%,76.8,Percentage,,,,65.6,Percentage,,,,72.0,Percentage,,,
E07000124,Ribble Valley,Local Authority District,2021-09-01T00:00:00/P1Y,%,81.9,Percentage,,,,71.9,Percentage,,,,79.7,Percentage,,,
E07000124,Ribble Valley,Local Authority District,2022-09-01T00:00:00/P1Y,%,84.9,Percentage,,,,74.5,Percentage,,,,81.0,Percentage,,,
E07000125,Rossendale,Local Authority District,2022-09-01T00:00:00/P1Y,%,77.3,Percentage,,,,66.8,Percentage,,,,76.2,Percentage,,,
E07000125,Rossendale,Local Authority District,2021-09-01T00:00:00/P1Y,%,78.7,Percentage,,,,67.9,Percentage,,,,77.3,Percentage,,,
E07000126,South Ribble,Local Authority District,2021-09-01T00:00:00/P1Y,%,77.5,Percentage,,,,63.4,Percentage,,,,74.6,Percentage,,,
E07000126,South Ribble,Local Authority District,2022-09-01T00:00:00/P1Y,%,79.6,Percentage,,,,67.0,Percentage,,,,77.2,Percentage,,,
E07000127,West Lancashire,Local Authority District,2021-09-01T00:00:00/P1Y,%,77.8,Percentage,,,,65.4,Percentage,,,,73.8,Percentage,,,
E07000127,West Lancashire,Local Authority District,2022-09-01T00:00:00/P1Y,%,78.9,Percentage,,,,66.6,Percentage,,,,75.7,Percentage,,,
E07000128,Wyre,Local Authority District,2022-09-01T00:00:00/P1Y,%,83.5,Percentage,,,,70.6,Percentage,,,,79.4,Percentage,,,
E07000128,Wyre,Local Authority District,2021-09-01T00:00:00/P1Y,%,78.6,Percentage,,,,66.3,Percentage,,,,74.6,Percentage,,,
E47000004,Liverpool City Region,Combined Authority or City Region,2022-09-01T00:00:00/P1Y,%,76.2,Percentage,,,,65.5,Percentage,,,,73.3,Percentage,,,
E47000004,Liverpool City Region,Combined Authority or City Region,2021-09-01T00:00:00/P1Y,%,75.5,Percentage,,,,63.2,Percentage,,,,72.1,Percentage,,,
E08000011,Knowsley ,Local Authority District,2021-09-01T00:00:00/P1Y,%,73.8,Percentage,,,,60.7,Percentage,,,,69.4,Percentage,,,
E08000011,Knowsley ,Local Authority District,2022-09-01T00:00:00/P1Y,%,77.6,Percentage,,,,65.0,Percentage,,,,72.8,Percentage,,,
E08000012,Liverpool,Local Authority District,2021-09-01T00:00:00/P1Y,%,75.1,Percentage,,,,61.6,Percentage,,,,70.3,Percentage,,,
E08000012,Liverpool,Local Authority District,2022-09-01T00:00:00/P1Y,%,75.6,Percentage,,,,63.5,Percentage,,,,71.0,Percentage,,,
E08000014,Sefton,Local Authority District,2022-09-01T00:00:00/P1Y,%,76.4,Percentage,,,,67.3,Percentage,,,,75.3,Percentage,,,
E08000014,Sefton,Local Authority District,2021-09-01T00:00:00/P1Y,%,76.4,Percentage,,,,64.4,Percentage,,,,73.6,Percentage,,,
E08000013,St. Helens,Local Authority District,2022-09-01T00:00:00/P1Y,%,76.8,Percentage,,,,66.0,Percentage,,,,73.3,Percentage,,,
E08000013,St. Helens,Local Authority District,2021-09-01T00:00:00/P1Y,%,76.2,Percentage,,,,63.3,Percentage,,,,72.2,Percentage,,,
E08000015,Wirral,Local Authority District,2022-09-01T00:00:00/P1Y,%,75.6,Percentage,,,,67.7,Percentage,,,,76.1,Percentage,,,
E08000015,Wirral,Local Authority District,2021-09-01T00:00:00/P1Y,%,74.9,Percentage,,,,66.6,Percentage,,,,75.0,Percentage,,,
E12000003,Yorkshire and The Humber,Region,2021-09-01T00:00:00/P1Y,%,79.5,Percentage,,,,66.6,Percentage,,,,74.5,Percentage,,,
E12000003,Yorkshire and The Humber,Region,2022-09-01T00:00:00/P1Y,%,79.3,Percentage,,,,68.2,Percentage,,,,75.6,Percentage,,,
E06000011,East Riding of Yorkshire,County or Unitary Authority,2021-09-01T00:00:00/P1Y,%,82.0,Percentage,,,,68.9,Percentage,,,,77.8,Percentage,,,
E06000011,East Riding of Yorkshire,County or Unitary Authority,2022-09-01T00:00:00/P1Y,%,83.1,Percentage,,,,71.8,Percentage,,,,79.6,Percentage,,,
E06000010,"Kingston upon Hull, City of",County or Unitary Authority,2022-09-01T00:00:00/P1Y,%,77.3,Percentage,,,,66.8,Percentage,,,,74.9,Percentage,,,
E06000010,"Kingston upon Hull, City of",County or Unitary Authority,2021-09-01T00:00:00/P1Y,%,76.6,Percentage,,,,66.5,Percentage,,,,73.4,Percentage,,,
E06000012,North East Lincolnshire,County or Unitary Authority,2022-09-01T00:00:00/P1Y,%,80.0,Percentage,,,,69.9,Percentage,,,,75.5,Percentage,,,
E06000012,North East Lincolnshire,County or Unitary Authority,2021-09-01T00:00:00/P1Y,%,78.6,Percentage,,,,67.1,Percentage,,,,74.8,Percentage,,,
E06000013,North Lincolnshire,County or Unitary Authority,2022-09-01T00:00:00/P1Y,%,79.5,Percentage,,,,68.7,Percentage,,,,75.5,Percentage,,,
E06000013,North Lincolnshire,County or Unitary Authority,2021-09-01T00:00:00/P1Y,%,81.1,Percentage,,,,67.1,Percentage,,,,74.8,Percentage,,,
E47000012,York and North Yorkshire,Combined Authority or City Region,2021-09-01T00:00:00/P1Y,%,83.7,Percentage,,,,71.9,Percentage,,,,79.9,Percentage,,,
E47000012,York and North Yorkshire,Combined Authority or City Region,2022-09-01T00:00:00/P1Y,%,82.9,Percentage,,,,72.8,Percentage,,,,80.9,Percentage,,,
E06000014,York,County or Unitary Authority,2022-09-01T00:00:00/P1Y,%,80.5,Percentage,,,,71.9,Percentage,,,,80.0,Percentage,,,
E06000014,York,County or Unitary Authority,2021-09-01T00:00:00/P1Y,%,84.2,Percentage,,,,73.5,Percentage,,,,80.9,Percentage,,,
E06000065,North Yorkshire,County or Unitary Authority,2021-09-01T00:00:00/P1Y,%,83.5,Percentage,,,,71.4,Percentage,,,,79.6,Percentage,,,
E06000065,North Yorkshire,County or Unitary Authority,2022-09-01T00:00:00/P1Y,%,83.6,Percentage,,,,73.0,Percentage,,,,81.2,Percentage,,,
E10000023,North Yorkshire,County or Unitary Authority,2022-09-01T00:00:00/P1Y,%,83.6,Percentage,,,,73.0,Percentage,,,,81.2,Percentage,,,
E10000023,North Yorkshire,County or Unitary Authority,2021-09-01T00:00:00/P1Y,%,83.5,Percentage,,,,71.4,Percentage,,,,79.6,Percentage,,,
E07000163,Craven,Local Authority District,2021-09-01T00:00:00/P1Y,%,82.8,Percentage,,,,72.1,Percentage,,,,78.3,Percentage,,,
E07000163,Craven,Local Authority District,2022-09-01T00:00:00/P1Y,%,83.4,Percentage,,,,73.9,Percentage,,,,81.8,Percentage,,,
E07000164,Hambleton,Local Authority District,2021-09-01T00:00:00/P1Y,%,83.3,Percentage,,,,74.3,Percentage,,,,82.1,Percentage,,,
E07000164,Hambleton,Local Authority District,2022-09-01T00:00:00/P1Y,%,84.0,Percentage,,,,74.9,Percentage,,,,82.7,Percentage,,,
E07000165,Harrogate,Local Authority District,2022-09-01T00:00:00/P1Y,%,84.0,Percentage,,,,74.2,Percentage,,,,82.5,Percentage,,,
E07000165,Harrogate,Local Authority District,2021-09-01T00:00:00/P1Y,%,84.5,Percentage,,,,72.6,Percentage,,,,81.4,Percentage,,,
E07000166,Richmondshire,Local Authority District,2021-09-01T00:00:00/P1Y,%,83.2,Percentage,,,,69.3,Percentage,,,,80.3,Percentage,,,
E07000166,Richmondshire,Local Authority District,2022-09-01T00:00:00/P1Y,%,88.4,Percentage,,,,74.4,Percentage,,,,84.8,Percentage,,,
E07000167,Ryedale,Local Authority District,2021-09-01T00:00:00/P1Y,%,79.0,Percentage,,,,68.1,Percentage,,,,78.1,Percentage,,,
E07000167,Ryedale,Local Authority District,2022-09-01T00:00:00/P1Y,%,82.1,Percentage,,,,69.7,Percentage,,,,79.0,Percentage,,,
E07000168,Scarborough,Local Authority District,2021-09-01T00:00:00/P1Y,%,81.1,Percentage,,,,67.3,Percentage,,,,76.1,Percentage,,,
E07000168,Scarborough,Local Authority District,2022-09-01T00:00:00/P1Y,%,79.5,Percentage,,,,68.1,Percentage,,,,74.7,Percentage,,,
E07000169,Selby,Local Authority District,2021-09-01T00:00:00/P1Y,%,86.8,Percentage,,,,73.0,Percentage,,,,78.9,Percentage,,,
E07000169,Selby,Local Authority District,2022-09-01T00:00:00/P1Y,%,85.1,Percentage,,,,74.7,Percentage,,,,83.1,Percentage,,,
E47000002,South Yorkshire,Combined Authority or City Region,2021-09-01T00:00:00/P1Y,%,79.8,Percentage,,,,66.9,Percentage,,,,74.1,Percentage,,,
E47000002,South Yorkshire,Combined Authority or City Region,2022-09-01T00:00:00/P1Y,%,79.6,Percentage,,,,68.6,Percentage,,,,75.4,Percentage,,,
E08000016,Barnsley,Local Authority District,2022-09-01T00:00:00/P1Y,%,78.4,Percentage,,,,70.2,Percentage,,,,76.4,Percentage,,,
E08000016,Barnsley,Local Authority District,2021-09-01T00:00:00/P1Y,%,78.5,Percentage,,,,68.2,Percentage,,,,75.0,Percentage,,,
E08000017,Doncaster,Local Authority District,2022-09-01T00:00:00/P1Y,%,80.2,Percentage,,,,68.5,Percentage,,,,74.6,Percentage,,,
E08000017,Doncaster,Local Authority District,2021-09-01T00:00:00/P1Y,%,80.2,Percentage,,,,66.4,Percentage,,,,73.4,Percentage,,,
E08000018,Rotherham ,Local Authority District,2021-09-01T00:00:00/P1Y,%,78.7,Percentage,,,,67.5,Percentage,,,,74.2,Percentage,,,
E08000018,Rotherham ,Local Authority District,2022-09-01T00:00:00/P1Y,%,79.3,Percentage,,,,70.2,Percentage,,,,76.2,Percentage,,,
E08000019,Sheffield,Local Authority District,2022-09-01T00:00:00/P1Y,%,79.8,Percentage,,,,67.1,Percentage,,,,75.0,Percentage,,,
E08000019,Sheffield,Local Authority District,2021-09-01T00:00:00/P1Y,%,80.8,Percentage,,,,66.2,Percentage,,,,73.9,Percentage,,,
E47000003,West Yorkshire,Combined Authority or City Region,2021-09-01T00:00:00/P1Y,%,78.2,Percentage,,,,64.7,Percentage,,,,72.9,Percentage,,,
E47000003,West Yorkshire,Combined Authority or City Region,2022-09-01T00:00:00/P1Y,%,77.9,Percentage,,,,66.3,Percentage,,,,73.9,Percentage,,,
E08000032,Bradford ,Local Authority District,2022-09-01T00:00:00/P1Y,%,76.0,Percentage,,,,63.8,Percentage,,,,70.7,Percentage,,,
E08000032,Bradford ,Local Authority District,2021-09-01T00:00:00/P1Y,%,77.1,Percentage,,,,63.7,Percentage,,,,71.0,Percentage,,,
E08000033,Calderdale,Local Authority District,2021-09-01T00:00:00/P1Y,%,79.5,Percentage,,,,67.4,Percentage,,,,74.7,Percentage,,,
E08000033,Calderdale,Local Authority District,2022-09-01T00:00:00/P1Y,%,80.7,Percentage,,,,69.0,Percentage,,,,76.5,Percentage,,,
E08000034,Kirklees ,Local Authority District,2021-09-01T00:00:00/P1Y,%,77.7,Percentage,,,,65.3,Percentage,,,,73.2,Percentage,,,
E08000034,Kirklees ,Local Authority District,2022-09-01T00:00:00/P1Y,%,77.9,Percentage,,,,67.5,Percentage,,,,75.0,Percentage,,,
E08000035,Leeds ,Local Authority District,2021-09-01T00:00:00/P1Y,%,77.7,Percentage,,,,63.2,Percentage,,,,72.6,Percentage,,,
E08000035,Leeds ,Local Authority District,2022-09-01T00:00:00/P1Y,%,77.7,Percentage,,,,65.3,Percentage,,,,73.7,Percentage,,,
E08000036,Wakefield,Local Authority District,2022-09-01T00:00:00/P1Y,%,80.4,Percentage,,,,70.0,Percentage,,,,76.8,Percentage,,,
E08000036,Wakefield,Local Authority District,2021-09-01T00:00:00/P1Y,%,81.0,Percentage,,,,67.9,Percentage,,,,75.7,Percentage,,,
E12000004,East Midlands,Region,2021-09-01T00:00:00/P1Y,%,79.4,Percentage,,,,67.2,Percentage,,,,75.2,Percentage,,,
E12000004,East Midlands,Region,2022-09-01T00:00:00/P1Y,%,79.3,Percentage,,,,69.1,Percentage,,,,76.3,Percentage,,,
E47000013,East Midlands,Combined Authority or City Region,2022-09-01T00:00:00/P1Y,%,79.5,Percentage,,,,68.3,Percentage,,,,75.6,Percentage,,,
E47000013,East Midlands,Combined Authority or City Region,2021-09-01T00:00:00/P1Y,%,79.8,Percentage,,,,67.1,Percentage,,,,74.9,Percentage,,,
E06000015,Derby ,County or Unitary Authority,2021-09-01T00:00:00/P1Y,%,77.5,Percentage,,,,65.5,Percentage,,,,73.2,Percentage,,,
E06000015,Derby ,County or Unitary Authority,2022-09-01T00:00:00/P1Y,%,76.8,Percentage,,,,65.6,Percentage,,,,72.2,Percentage,,,
E06000016,Leicester,County or Unitary Authority,2021-09-01T00:00:00/P1Y,%,73.3,Percentage,,,,62.8,Percentage,,,,68.1,Percentage,,,
E06000016,Leicester,County or Unitary Authority,2022-09-01T00:00:00/P1Y,%,73.9,Percentage,,,,65.0,Percentage,,,,70.7,Percentage,,,
E06000061,North Northamptonshire,County or Unitary Authority,2022-09-01T00:00:00/P1Y,%,78.6,Percentage,,,,68.5,Percentage,,,,77.3,Percentage,,,
E06000061,North Northamptonshire,County or Unitary Authority,2021-09-01T00:00:00/P1Y,%,77.9,Percentage,,,,65.0,Percentage,,,,73.9,Percentage,,,
E06000018,Nottingham,County or Unitary Authority,2022-09-01T00:00:00/P1Y,%,76.5,Percentage,,,,64.4,Percentage,,,,71.4,Percentage,,,
E06000018,Nottingham,County or Unitary Authority,2021-09-01T00:00:00/P1Y,%,75.2,Percentage,,,,62.0,Percentage,,,,70.6,Percentage,,,
E06000017,Rutland ,County or Unitary Authority,2021-09-01T00:00:00/P1Y,%,86.2,Percentage,,,,74.3,Percentage,,,,82.6,Percentage,,,
E06000017,Rutland ,County or Unitary Authority,2022-09-01T00:00:00/P1Y,%,84.7,Percentage,,,,76.9,Percentage,,,,82.8,Percentage,,,
E06000062,West Northamptonshire,County or Unitary Authority,2022-09-01T00:00:00/P1Y,%,80.3,Percentage,,,,71.1,Percentage,,,,78.8,Percentage,,,
E06000062,West Northamptonshire,County or Unitary Authority,2021-09-01T00:00:00/P1Y,%,79.6,Percentage,,,,68.4,Percentage,,,,77.8,Percentage,,,
E10000007,Derbyshire,County or Unitary Authority,2022-09-01T00:00:00/P1Y,%,81.1,Percentage,,,,69.6,Percentage,,,,77.4,Percentage,,,
E10000007,Derbyshire,County or Unitary Authority,2021-09-01T00:00:00/P1Y,%,80.7,Percentage,,,,68.0,Percentage,,,,75.8,Percentage,,,
E07000032,Amber Valley,Local Authority District,2021-09-01T00:00:00/P1Y,%,80.3,Percentage,,,,68.6,Percentage,,,,77.1,Percentage,,,
E07000032,Amber Valley,Local Authority District,2022-09-01T00:00:00/P1Y,%,82.1,Percentage,,,,70.6,Percentage,,,,78.4,Percentage,,,
E07000033,Bolsover,Local Authority District,2022-09-01T00:00:00/P1Y,%,79.7,Percentage,,,,68.3,Percentage,,,,75.2,Percentage,,,
E07000033,Bolsover,Local Authority District,2021-09-01T00:00:00/P1Y,%,76.5,Percentage,,,,61.7,Percentage,,,,70.4,Percentage,,,
E07000034,Chesterfield,Local Authority District,2022-09-01T00:00:00/P1Y,%,76.6,Percentage,,,,64.7,Percentage,,,,74.3,Percentage,,,
E07000034,Chesterfield,Local Authority District,2021-09-01T00:00:00/P1Y,%,78.9,Percentage,,,,65.6,Percentage,,,,73.6,Percentage,,,
E07000035,Derbyshire Dales,Local Authority District,2022-09-01T00:00:00/P1Y,%,83.3,Percentage,,,,72.2,Percentage,,,,78.7,Percentage,,,
E07000035,Derbyshire Dales,Local Authority District,2021-09-01T00:00:00/P1Y,%,80.4,Percentage,,,,68.5,Percentage,,,,76.9,Percentage,,,
E07000036,Erewash,Local Authority District,2022-09-01T00:00:00/P1Y,%,81.8,Percentage,,,,68.7,Percentage,,,,76.1,Percentage,,,
E07000036,Erewash,Local Authority District,2021-09-01T00:00:00/P1Y,%,79.9,Percentage,,,,65.9,Percentage,,,,73.1,Percentage,,,
E07000037,High Peak,Local Authority District,2021-09-01T00:00:00/P1Y,%,81.1,Percentage,,,,70.4,Percentage,,,,76.4,Percentage,,,
E07000037,High Peak,Local Authority District,2022-09-01T00:00:00/P1Y,%,82.9,Percentage,,,,73.0,Percentage,,,,80.9,Percentage,,,
E07000038,North East Derbyshire,Local Authority District,2022-09-01T00:00:00/P1Y,%,81.6,Percentage,,,,70.1,Percentage,,,,79.4,Percentage,,,
E07000038,North East Derbyshire,Local Authority District,2021-09-01T00:00:00/P1Y,%,83.5,Percentage,,,,68.7,Percentage,,,,76.4,Percentage,,,
E07000039,South Derbyshire,Local Authority District,2022-09-01T00:00:00/P1Y,%,81.3,Percentage,,,,70.0,Percentage,,,,76.5,Percentage,,,
E07000039,South Derbyshire,Local Authority District,2021-09-01T00:00:00/P1Y,%,83.3,Percentage,,,,72.9,Percentage,,,,80.6,Percentage,,,
E10000018,Leicestershire,County or Unitary Authority,2021-09-01T00:00:00/P1Y,%,81.5,Percentage,,,,70.8,Percentage,,,,79.2,Percentage,,,
E10000018,Leicestershire,County or Unitary Authority,2022-09-01T00:00:00/P1Y,%,81.0,Percentage,,,,71.7,Percentage,,,,78.8,Percentage,,,
E07000129,Blaby,Local Authority District,2022-09-01T00:00:00/P1Y,%,82.6,Percentage,,,,73.1,Percentage,,,,82.0,Percentage,,,
E07000129,Blaby,Local Authority District,2021-09-01T00:00:00/P1Y,%,82.7,Percentage,,,,72.3,Percentage,,,,80.7,Percentage,,,
E07000130,Charnwood,Local Authority District,2022-09-01T00:00:00/P1Y,%,81.6,Percentage,,,,71.5,Percentage,,,,77.1,Percentage,,,
E07000130,Charnwood,Local Authority District,2021-09-01T00:00:00/P1Y,%,81.9,Percentage,,,,69.5,Percentage,,,,78.2,Percentage,,,
E07000131,Harborough,Local Authority District,2022-09-01T00:00:00/P1Y,%,85.1,Percentage,,,,76.7,Percentage,,,,81.4,Percentage,,,
E07000131,Harborough,Local Authority District,2021-09-01T00:00:00/P1Y,%,87.0,Percentage,,,,76.7,Percentage,,,,84.5,Percentage,,,
E07000132,Hinckley and Bosworth,Local Authority District,2022-09-01T00:00:00/P1Y,%,79.4,Percentage,,,,68.4,Percentage,,,,77.7,Percentage,,,
E07000132,Hinckley and Bosworth,Local Authority District,2021-09-01T00:00:00/P1Y,%,76.8,Percentage,,,,67.6,Percentage,,,,77.9,Percentage,,,
E07000133,Melton,Local Authority District,2022-09-01T00:00:00/P1Y,%,79.8,Percentage,,,,69.2,Percentage,,,,78.1,Percentage,,,
E07000133,Melton,Local Authority District,2021-09-01T00:00:00/P1Y,%,81.1,Percentage,,,,70.9,Percentage,,,,78.9,Percentage,,,
E07000134,North West Leicestershire,Local Authority District,2021-09-01T00:00:00/P1Y,%,80.4,Percentage,,,,69.9,Percentage,,,,76.7,Percentage,,,
E07000134,North West Leicestershire,Local Authority District,2022-09-01T00:00:00/P1Y,%,78.6,Percentage,,,,71.4,Percentage,,,,77.7,Percentage,,,
E07000135,Oadby and Wigston,Local Authority District,2022-09-01T00:00:00/P1Y,%,77.3,Percentage,,,,70.4,Percentage,,,,77.9,Percentage,,,
E07000135,Oadby and Wigston,Local Authority District,2021-09-01T00:00:00/P1Y,%,80.1,Percentage,,,,69.2,Percentage,,,,76.7,Percentage,,,
E10000019,Lincolnshire ,County or Unitary Authority,2021-09-01T00:00:00/P1Y,%,80.1,Percentage,,,,66.8,Percentage,,,,74.7,Percentage,,,
E10000019,Lincolnshire ,County or Unitary Authority,2022-09-01T00:00:00/P1Y,%,79.6,Percentage,,,,70.0,Percentage,,,,76.7,Percentage,,,
E07000136,Boston,Local Authority District,2022-09-01T00:00:00/P1Y,%,78.0,Percentage,,,,67.4,Percentage,,,,74.1,Percentage,,,
E07000136,Boston,Local Authority District,2021-09-01T00:00:00/P1Y,%,79.0,Percentage,,,,62.3,Percentage,,,,71.9,Percentage,,,
E07000137,East Lindsey,Local Authority District,2022-09-01T00:00:00/P1Y,%,78.6,Percentage,,,,70.3,Percentage,,,,75.4,Percentage,,,
E07000137,East Lindsey,Local Authority District,2021-09-01T00:00:00/P1Y,%,78.1,Percentage,,,,63.3,Percentage,,,,71.0,Percentage,,,
E07000138,Lincoln,Local Authority District,2021-09-01T00:00:00/P1Y,%,74.7,Percentage,,,,60.7,Percentage,,,,69.3,Percentage,,,
E07000138,Lincoln,Local Authority District,2022-09-01T00:00:00/P1Y,%,76.2,Percentage,,,,65.4,Percentage,,,,72.0,Percentage,,,
E07000139,North Kesteven,Local Authority District,2021-09-01T00:00:00/P1Y,%,84.1,Percentage,,,,73.8,Percentage,,,,81.1,Percentage,,,
E07000139,North Kesteven,Local Authority District,2022-09-01T00:00:00/P1Y,%,83.7,Percentage,,,,73.9,Percentage,,,,80.9,Percentage,,,
E07000140,South Holland,Local Authority District,2021-09-01T00:00:00/P1Y,%,77.7,Percentage,,,,63.8,Percentage,,,,73.2,Percentage,,,
E07000140,South Holland,Local Authority District,2022-09-01T00:00:00/P1Y,%,77.4,Percentage,,,,69.8,Percentage,,,,75.9,Percentage,,,
E07000141,South Kesteven,Local Authority District,2021-09-01T00:00:00/P1Y,%,85.1,Percentage,,,,72.7,Percentage,,,,79.0,Percentage,,,
E07000141,South Kesteven,Local Authority District,2022-09-01T00:00:00/P1Y,%,81.6,Percentage,,,,71.8,Percentage,,,,80.2,Percentage,,,
E07000142,West Lindsey,Local Authority District,2021-09-01T00:00:00/P1Y,%,79.1,Percentage,,,,66.6,Percentage,,,,73.8,Percentage,,,
E07000142,West Lindsey,Local Authority District,2022-09-01T00:00:00/P1Y,%,79.6,Percentage,,,,69.4,Percentage,,,,75.6,Percentage,,,
E10000024,Nottinghamshire,County or Unitary Authority,2021-09-01T00:00:00/P1Y,%,81.5,Percentage,,,,68.9,Percentage,,,,76.5,Percentage,,,
E10000024,Nottinghamshire,County or Unitary Authority,2022-09-01T00:00:00/P1Y,%,80.4,Percentage,,,,69.7,Percentage,,,,77.0,Percentage,,,
E07000170,Ashfield,Local Authority District,2021-09-01T00:00:00/P1Y,%,79.3,Percentage,,,,66.0,Percentage,,,,71.8,Percentage,,,
E07000170,Ashfield,Local Authority District,2022-09-01T00:00:00/P1Y,%,75.4,Percentage,,,,62.6,Percentage,,,,69.1,Percentage,,,
E07000171,Bassetlaw,Local Authority District,2021-09-01T00:00:00/P1Y,%,78.6,Percentage,,,,67.4,Percentage,,,,72.6,Percentage,,,
E07000171,Bassetlaw,Local Authority District,2022-09-01T00:00:00/P1Y,%,80.9,Percentage,,,,70.7,Percentage,,,,75.5,Percentage,,,
E07000172,Broxtowe,Local Authority District,2021-09-01T00:00:00/P1Y,%,83.3,Percentage,,,,70.5,Percentage,,,,79.3,Percentage,,,
E07000172,Broxtowe,Local Authority District,2022-09-01T00:00:00/P1Y,%,79.0,Percentage,,,,68.7,Percentage,,,,76.1,Percentage,,,
E07000173,Gedling,Local Authority District,2021-09-01T00:00:00/P1Y,%,84.3,Percentage,,,,72.0,Percentage,,,,79.9,Percentage,,,
E07000173,Gedling,Local Authority District,2022-09-01T00:00:00/P1Y,%,83.4,Percentage,,,,73.5,Percentage,,,,81.5,Percentage,,,
E07000174,Mansfield,Local Authority District,2022-09-01T00:00:00/P1Y,%,75.3,Percentage,,,,64.5,Percentage,,,,73.2,Percentage,,,
E07000174,Mansfield,Local Authority District,2021-09-01T00:00:00/P1Y,%,76.8,Percentage,,,,63.5,Percentage,,,,73.3,Percentage,,,
E07000175,Newark and Sherwood,Local Authority District,2022-09-01T00:00:00/P1Y,%,80.4,Percentage,,,,70.3,Percentage,,,,79.4,Percentage,,,
E07000175,Newark and Sherwood,Local Authority District,2021-09-01T00:00:00/P1Y,%,81.9,Percentage,,,,68.6,Percentage,,,,77.0,Percentage,,,
E07000176,Rushcliffe,Local Authority District,2021-09-01T00:00:00/P1Y,%,87.1,Percentage,,,,74.5,Percentage,,,,82.2,Percentage,,,
E07000176,Rushcliffe,Local Authority District,2022-09-01T00:00:00/P1Y,%,87.8,Percentage,,,,77.9,Percentage,,,,84.5,Percentage,,,
E12000005,West Midlands,Region,2021-09-01T00:00:00/P1Y,%,77.6,Percentage,,,,66.3,Percentage,,,,73.5,Percentage,,,
E12000005,West Midlands,Region,2022-09-01T00:00:00/P1Y,%,78.1,Percentage,,,,68.2,Percentage,,,,75.1,Percentage,,,
E06000019,"Herefordshire, County of",County or Unitary Authority,2022-09-01T00:00:00/P1Y,%,82.2,Percentage,,,,74.1,Percentage,,,,80.6,Percentage,,,
E06000019,"Herefordshire, County of",County or Unitary Authority,2021-09-01T00:00:00/P1Y,%,84.0,Percentage,,,,74.7,Percentage,,,,80.2,Percentage,,,
E06000051,Shropshire,County or Unitary Authority,2021-09-01T00:00:00/P1Y,%,83.2,Percentage,,,,68.3,Percentage,,,,77.6,Percentage,,,
E06000051,Shropshire,County or Unitary Authority,2022-09-01T00:00:00/P1Y,%,83.3,Percentage,,,,70.7,Percentage,,,,80.3,Percentage,,,
E06000021,Stoke-on-Trent,County or Unitary Authority,2021-09-01T00:00:00/P1Y,%,74.9,Percentage,,,,62.4,Percentage,,,,69.8,Percentage,,,
E06000021,Stoke-on-Trent,County or Unitary Authority,2022-09-01T00:00:00/P1Y,%,74.2,Percentage,,,,63.5,Percentage,,,,69.4,Percentage,,,
E06000020,Telford and Wrekin,County or Unitary Authority,2022-09-01T00:00:00/P1Y,%,79.3,Percentage,,,,70.3,Percentage,,,,77.2,Percentage,,,
E06000020,Telford and Wrekin,County or Unitary Authority,2021-09-01T00:00:00/P1Y,%,77.0,Percentage,,,,67.9,Percentage,,,,73.5,Percentage,,,
E10000028,Staffordshire,County or Unitary Authority,2022-09-01T00:00:00/P1Y,%,81.6,Percentage,,,,71.4,Percentage,,,,78.7,Percentage,,,
E10000028,Staffordshire,County or Unitary Authority,2021-09-01T00:00:00/P1Y,%,82.0,Percentage,,,,70.4,Percentage,,,,77.9,Percentage,,,
E07000192,Cannock Chase,Local Authority District,2021-09-01T00:00:00/P1Y,%,79.0,Percentage,,,,67.9,Percentage,,,,77.9,Percentage,,,
E07000192,Cannock Chase,Local Authority District,2022-09-01T00:00:00/P1Y,%,79.6,Percentage,,,,68.2,Percentage,,,,78.0,Percentage,,,
E07000193,East Staffordshire,Local Authority District,2022-09-01T00:00:00/P1Y,%,77.7,Percentage,,,,69.6,Percentage,,,,75.8,Percentage,,,
E07000193,East Staffordshire,Local Authority District,2021-09-01T00:00:00/P1Y,%,79.9,Percentage,,,,70.0,Percentage,,,,76.1,Percentage,,,
E07000194,Lichfield,Local Authority District,2022-09-01T00:00:00/P1Y,%,84.4,Percentage,,,,76.1,Percentage,,,,82.9,Percentage,,,
E07000194,Lichfield,Local Authority District,2021-09-01T00:00:00/P1Y,%,83.1,Percentage,,,,71.5,Percentage,,,,79.9,Percentage,,,
E07000195,Newcastle-under-Lyme,Local Authority District,2022-09-01T00:00:00/P1Y,%,82.2,Percentage,,,,70.4,Percentage,,,,78.6,Percentage,,,
E07000195,Newcastle-under-Lyme,Local Authority District,2021-09-01T00:00:00/P1Y,%,78.5,Percentage,,,,66.2,Percentage,,,,75.3,Percentage,,,
E07000196,South Staffordshire,Local Authority District,2022-09-01T00:00:00/P1Y,%,83.6,Percentage,,,,74.5,Percentage,,,,80.8,Percentage,,,
E07000196,South Staffordshire,Local Authority District,2021-09-01T00:00:00/P1Y,%,85.1,Percentage,,,,71.8,Percentage,,,,78.5,Percentage,,,
E07000197,Stafford,Local Authority District,2022-09-01T00:00:00/P1Y,%,83.8,Percentage,,,,72.5,Percentage,,,,78.9,Percentage,,,
E07000197,Stafford,Local Authority District,2021-09-01T00:00:00/P1Y,%,84.0,Percentage,,,,73.8,Percentage,,,,80.3,Percentage,,,
E07000198,Staffordshire Moorlands,Local Authority District,2021-09-01T00:00:00/P1Y,%,86.1,Percentage,,,,73.5,Percentage,,,,80.5,Percentage,,,
E07000198,Staffordshire Moorlands,Local Authority District,2022-09-01T00:00:00/P1Y,%,83.7,Percentage,,,,72.3,Percentage,,,,79.4,Percentage,,,
E07000199,Tamworth,Local Authority District,2021-09-01T00:00:00/P1Y,%,81.3,Percentage,,,,69.0,Percentage,,,,75.8,Percentage,,,
E07000199,Tamworth,Local Authority District,2022-09-01T00:00:00/P1Y,%,77.3,Percentage,,,,65.8,Percentage,,,,74.0,Percentage,,,
E10000031,Warwickshire,County or Unitary Authority,2021-09-01T00:00:00/P1Y,%,79.7,Percentage,,,,69.1,Percentage,,,,77.3,Percentage,,,
E10000031,Warwickshire,County or Unitary Authority,2022-09-01T00:00:00/P1Y,%,81.0,Percentage,,,,71.4,Percentage,,,,79.2,Percentage,,,
E07000218,North Warwickshire,Local Authority District,2021-09-01T00:00:00/P1Y,%,79.8,Percentage,,,,66.5,Percentage,,,,73.8,Percentage,,,
E07000218,North Warwickshire,Local Authority District,2022-09-01T00:00:00/P1Y,%,80.0,Percentage,,,,69.6,Percentage,,,,77.9,Percentage,,,
E07000219,Nuneaton and Bedworth,Local Authority District,2022-09-01T00:00:00/P1Y,%,77.4,Percentage,,,,67.5,Percentage,,,,76.5,Percentage,,,
E07000219,Nuneaton and Bedworth,Local Authority District,2021-09-01T00:00:00/P1Y,%,74.9,Percentage,,,,66.3,Percentage,,,,74.5,Percentage,,,
E07000220,Rugby,Local Authority District,2022-09-01T00:00:00/P1Y,%,78.8,Percentage,,,,69.1,Percentage,,,,77.1,Percentage,,,
E07000220,Rugby,Local Authority District,2021-09-01T00:00:00/P1Y,%,80.4,Percentage,,,,69.9,Percentage,,,,77.7,Percentage,,,
E07000221,Stratford-on-Avon,Local Authority District,2021-09-01T00:00:00/P1Y,%,82.2,Percentage,,,,71.7,Percentage,,,,80.3,Percentage,,,
E07000221,Stratford-on-Avon,Local Authority District,2022-09-01T00:00:00/P1Y,%,85.2,Percentage,,,,76.5,Percentage,,,,83.5,Percentage,,,
E07000222,Warwick,Local Authority District,2021-09-01T00:00:00/P1Y,%,81.3,Percentage,,,,70.0,Percentage,,,,78.6,Percentage,,,
E07000222,Warwick,Local Authority District,2022-09-01T00:00:00/P1Y,%,83.5,Percentage,,,,73.9,Percentage,,,,80.8,Percentage,,,
E47000007,West Midlands,Combined Authority or City Region,2021-09-01T00:00:00/P1Y,%,75.2,Percentage,,,,64.3,Percentage,,,,71.0,Percentage,,,
E47000007,West Midlands,Combined Authority or City Region,2022-09-01T00:00:00/P1Y,%,76.0,Percentage,,,,66.2,Percentage,,,,72.6,Percentage,,,
E08000025,Birmingham,Local Authority District,2021-09-01T00:00:00/P1Y,%,75.4,Percentage,,,,65.1,Percentage,,,,70.9,Percentage,,,
E08000025,Birmingham,Local Authority District,2022-09-01T00:00:00/P1Y,%,75.8,Percentage,,,,67.0,Percentage,,,,72.6,Percentage,,,
E08000026,Coventry,Local Authority District,2022-09-01T00:00:00/P1Y,%,76.1,Percentage,,,,65.9,Percentage,,,,73.3,Percentage,,,
E08000026,Coventry,Local Authority District,2021-09-01T00:00:00/P1Y,%,74.3,Percentage,,,,63.8,Percentage,,,,72.2,Percentage,,,
E08000027,Dudley ,Local Authority District,2022-09-01T00:00:00/P1Y,%,75.8,Percentage,,,,65.5,Percentage,,,,73.0,Percentage,,,
E08000027,Dudley ,Local Authority District,2021-09-01T00:00:00/P1Y,%,76.7,Percentage,,,,65.7,Percentage,,,,73.7,Percentage,,,
E08000028,Sandwell ,Local Authority District,2022-09-01T00:00:00/P1Y,%,75.2,Percentage,,,,62.3,Percentage,,,,68.6,Percentage,,,
E08000028,Sandwell ,Local Authority District,2021-09-01T00:00:00/P1Y,%,74.1,Percentage,,,,60.7,Percentage,,,,68.3,Percentage,,,
E08000029,Solihull,Local Authority District,2022-09-01T00:00:00/P1Y,%,82.5,Percentage,,,,72.7,Percentage,,,,79.6,Percentage,,,
E08000029,Solihull,Local Authority District,2021-09-01T00:00:00/P1Y,%,81.6,Percentage,,,,70.5,Percentage,,,,77.1,Percentage,,,
E08000030,Walsall,Local Authority District,2022-09-01T00:00:00/P1Y,%,74.3,Percentage,,,,65.1,Percentage,,,,71.5,Percentage,,,
E08000030,Walsall,Local Authority District,2021-09-01T00:00:00/P1Y,%,73.1,Percentage,,,,61.0,Percentage,,,,67.3,Percentage,,,
E08000031,Wolverhampton,Local Authority District,2022-09-01T00:00:00/P1Y,%,74.3,Percentage,,,,65.0,Percentage,,,,71.8,Percentage,,,
E08000031,Wolverhampton,Local Authority District,2021-09-01T00:00:00/P1Y,%,73.1,Percentage,,,,63.6,Percentage,,,,69.5,Percentage,,,
E10000034,Worcestershire,County or Unitary Authority,2021-09-01T00:00:00/P1Y,%,80.1,Percentage,,,,68.2,Percentage,,,,77.1,Percentage,,,
E10000034,Worcestershire,County or Unitary Authority,2022-09-01T00:00:00/P1Y,%,80.0,Percentage,,,,70.8,Percentage,,,,78.5,Percentage,,,
E07000234,Bromsgrove,Local Authority District,2021-09-01T00:00:00/P1Y,%,80.7,Percentage,,,,70.7,Percentage,,,,78.8,Percentage,,,
E07000234,Bromsgrove,Local Authority District,2022-09-01T00:00:00/P1Y,%,81.0,Percentage,,,,73.8,Percentage,,,,80.6,Percentage,,,
E07000235,Malvern Hills,Local Authority District,2022-09-01T00:00:00/P1Y,%,84.4,Percentage,,,,76.5,Percentage,,,,82.6,Percentage,,,
E07000235,Malvern Hills,Local Authority District,2021-09-01T00:00:00/P1Y,%,80.3,Percentage,,,,69.3,Percentage,,,,79.9,Percentage,,,
E07000236,Redditch,Local Authority District,2021-09-01T00:00:00/P1Y,%,78.2,Percentage,,,,66.4,Percentage,,,,74.2,Percentage,,,
E07000236,Redditch,Local Authority District,2022-09-01T00:00:00/P1Y,%,82.5,Percentage,,,,71.8,Percentage,,,,79.7,Percentage,,,
E07000237,Worcester,Local Authority District,2022-09-01T00:00:00/P1Y,%,75.7,Percentage,,,,66.5,Percentage,,,,74.1,Percentage,,,
E07000237,Worcester,Local Authority District,2021-09-01T00:00:00/P1Y,%,78.2,Percentage,,,,69.8,Percentage,,,,75.8,Percentage,,,
E07000238,Wychavon,Local Authority District,2021-09-01T00:00:00/P1Y,%,83.5,Percentage,,,,69.7,Percentage,,,,80.7,Percentage,,,
E07000238,Wychavon,Local Authority District,2022-09-01T00:00:00/P1Y,%,79.4,Percentage,,,,71.3,Percentage,,,,79.6,Percentage,,,
E07000239,Wyre Forest,Local Authority District,2021-09-01T00:00:00/P1Y,%,78.5,Percentage,,,,62.4,Percentage,,,,72.2,Percentage,,,
E07000239,Wyre Forest,Local Authority District,2022-09-01T00:00:00/P1Y,%,79.4,Percentage,,,,66.9,Percentage,,,,75.8,Percentage,,,
E12000006,East of England,Region,2021-09-01T00:00:00/P1Y,%,80.1,Percentage,,,,67.8,Percentage,,,,76.4,Percentage,,,
E12000006,East of England,Region,2022-09-01T00:00:00/P1Y,%,80.5,Percentage,,,,70.0,Percentage,,,,77.9,Percentage,,,
E06000055,Bedford,County or Unitary Authority,2022-09-01T00:00:00/P1Y,%,79.1,Percentage,,,,69.4,Percentage,,,,76.5,Percentage,,,
E06000055,Bedford,County or Unitary Authority,2021-09-01T00:00:00/P1Y,%,79.4,Percentage,,,,66.2,Percentage,,,,75.5,Percentage,,,
E06000056,Central Bedfordshire,County or Unitary Authority,2022-09-01T00:00:00/P1Y,%,82.7,Percentage,,,,70.8,Percentage,,,,79.4,Percentage,,,
E06000056,Central Bedfordshire,County or Unitary Authority,2021-09-01T00:00:00/P1Y,%,82.3,Percentage,,,,69.4,Percentage,,,,79.1,Percentage,,,
E06000032,Luton,County or Unitary Authority,2022-09-01T00:00:00/P1Y,%,74.7,Percentage,,,,63.0,Percentage,,,,71.1,Percentage,,,
E06000032,Luton,County or Unitary Authority,2021-09-01T00:00:00/P1Y,%,72.5,Percentage,,,,58.8,Percentage,,,,67.6,Percentage,,,
E06000031,Peterborough,County or Unitary Authority,2022-09-01T00:00:00/P1Y,%,76.5,Percentage,,,,65.5,Percentage,,,,72.5,Percentage,,,
E06000031,Peterborough,County or Unitary Authority,2021-09-01T00:00:00/P1Y,%,76.8,Percentage,,,,63.0,Percentage,,,,71.2,Percentage,,,
E06000033,Southend-on-Sea,County or Unitary Authority,2022-09-01T00:00:00/P1Y,%,81.7,Percentage,,,,68.8,Percentage,,,,78.1,Percentage,,,
E06000033,Southend-on-Sea,County or Unitary Authority,2021-09-01T00:00:00/P1Y,%,81.9,Percentage,,,,68.1,Percentage,,,,76.6,Percentage,,,
E06000034,Thurrock,County or Unitary Authority,2021-09-01T00:00:00/P1Y,%,80.1,Percentage,,,,70.0,Percentage,,,,77.0,Percentage,,,
E06000034,Thurrock,County or Unitary Authority,2022-09-01T00:00:00/P1Y,%,82.1,Percentage,,,,72.5,Percentage,,,,80.2,Percentage,,,
E10000003,Cambridgeshire,County or Unitary Authority,2021-09-01T00:00:00/P1Y,%,80.5,Percentage,,,,69.3,Percentage,,,,78.0,Percentage,,,
E10000003,Cambridgeshire,County or Unitary Authority,2022-09-01T00:00:00/P1Y,%,80.0,Percentage,,,,68.9,Percentage,,,,78.6,Percentage,,,
E47000008,Cambridgeshire and Peterborough,Combined Authority or City Region,2022-09-01T00:00:00/P1Y,%,78.9,Percentage,,,,67.9,Percentage,,,,76.8,Percentage,,,
E47000008,Cambridgeshire and Peterborough,Combined Authority or City Region,2021-09-01T00:00:00/P1Y,%,79.4,Percentage,,,,67.3,Percentage,,,,76.0,Percentage,,,
E07000008,Cambridge,Local Authority District,2022-09-01T00:00:00/P1Y,%,80.4,Percentage,,,,70.2,Percentage,,,,80.1,Percentage,,,
E07000008,Cambridge,Local Authority District,2021-09-01T00:00:00/P1Y,%,78.7,Percentage,,,,69.8,Percentage,,,,78.5,Percentage,,,
E07000009,East Cambridgeshire,Local Authority District,2022-09-01T00:00:00/P1Y,%,80.9,Percentage,,,,69.8,Percentage,,,,80.5,Percentage,,,
E07000009,East Cambridgeshire,Local Authority District,2021-09-01T00:00:00/P1Y,%,79.8,Percentage,,,,68.3,Percentage,,,,79.4,Percentage,,,
E07000010,Fenland,Local Authority District,2022-09-01T00:00:00/P1Y,%,76.4,Percentage,,,,65.7,Percentage,,,,73.2,Percentage,,,
E07000010,Fenland,Local Authority District,2021-09-01T00:00:00/P1Y,%,76.0,Percentage,,,,65.1,Percentage,,,,72.7,Percentage,,,
E07000011,Huntingdonshire,Local Authority District,2021-09-01T00:00:00/P1Y,%,80.2,Percentage,,,,67.7,Percentage,,,,75.7,Percentage,,,
E07000011,Huntingdonshire,Local Authority District,2022-09-01T00:00:00/P1Y,%,80.2,Percentage,,,,68.6,Percentage,,,,78.7,Percentage,,,
E07000012,South Cambridgeshire,Local Authority District,2022-09-01T00:00:00/P1Y,%,81.1,Percentage,,,,69.9,Percentage,,,,79.8,Percentage,,,
E07000012,South Cambridgeshire,Local Authority District,2021-09-01T00:00:00/P1Y,%,84.9,Percentage,,,,73.4,Percentage,,,,82.4,Percentage,,,
E10000012,Essex,County or Unitary Authority,2022-09-01T00:00:00/P1Y,%,80.8,Percentage,,,,71.5,Percentage,,,,78.8,Percentage,,,
E10000012,Essex,County or Unitary Authority,2021-09-01T00:00:00/P1Y,%,80.3,Percentage,,,,69.8,Percentage,,,,77.2,Percentage,,,
E07000066,Basildon,Local Authority District,2021-09-01T00:00:00/P1Y,%,76.6,Percentage,,,,65.9,Percentage,,,,72.8,Percentage,,,
E07000066,Basildon,Local Authority District,2022-09-01T00:00:00/P1Y,%,79.3,Percentage,,,,69.6,Percentage,,,,77.2,Percentage,,,
E07000067,Braintree,Local Authority District,2021-09-01T00:00:00/P1Y,%,78.8,Percentage,,,,70.3,Percentage,,,,78.6,Percentage,,,
E07000067,Braintree,Local Authority District,2022-09-01T00:00:00/P1Y,%,79.8,Percentage,,,,72.7,Percentage,,,,79.1,Percentage,,,
E07000068,Brentwood,Local Authority District,2022-09-01T00:00:00/P1Y,%,81.0,Percentage,,,,70.3,Percentage,,,,79.2,Percentage,,,
E07000068,Brentwood,Local Authority District,2021-09-01T00:00:00/P1Y,%,83.0,Percentage,,,,73.8,Percentage,,,,81.7,Percentage,,,
E07000069,Castle Point,Local Authority District,2022-09-01T00:00:00/P1Y,%,80.2,Percentage,,,,68.2,Percentage,,,,75.1,Percentage,,,
E07000069,Castle Point,Local Authority District,2021-09-01T00:00:00/P1Y,%,75.3,Percentage,,,,61.1,Percentage,,,,68.7,Percentage,,,
E07000070,Chelmsford,Local Authority District,2022-09-01T00:00:00/P1Y,%,80.6,Percentage,,,,72.4,Percentage,,,,80.0,Percentage,,,
E07000070,Chelmsford,Local Authority District,2021-09-01T00:00:00/P1Y,%,81.5,Percentage,,,,72.6,Percentage,,,,80.4,Percentage,,,
E07000071,Colchester,Local Authority District,2022-09-01T00:00:00/P1Y,%,79.5,Percentage,,,,70.5,Percentage,,,,78.9,Percentage,,,
E07000071,Colchester,Local Authority District,2021-09-01T00:00:00/P1Y,%,82.2,Percentage,,,,70.9,Percentage,,,,78.2,Percentage,,,
E07000072,Epping Forest,Local Authority District,2022-09-01T00:00:00/P1Y,%,83.3,Percentage,,,,73.0,Percentage,,,,79.2,Percentage,,,
E07000072,Epping Forest,Local Authority District,2021-09-01T00:00:00/P1Y,%,80.2,Percentage,,,,69.1,Percentage,,,,77.5,Percentage,,,
E07000073,Harlow,Local Authority District,2022-09-01T00:00:00/P1Y,%,79.6,Percentage,,,,67.5,Percentage,,,,76.1,Percentage,,,
E07000073,Harlow,Local Authority District,2021-09-01T00:00:00/P1Y,%,78.1,Percentage,,,,67.3,Percentage,,,,75.1,Percentage,,,
E07000074,Maldon,Local Authority District,2022-09-01T00:00:00/P1Y,%,79.9,Percentage,,,,71.7,Percentage,,,,80.1,Percentage,,,
E07000074,Maldon,Local Authority District,2021-09-01T00:00:00/P1Y,%,82.6,Percentage,,,,74.0,Percentage,,,,81.4,Percentage,,,
E07000075,Rochford,Local Authority District,2022-09-01T00:00:00/P1Y,%,85.3,Percentage,,,,77.2,Percentage,,,,82.5,Percentage,,,
E07000075,Rochford,Local Authority District,2021-09-01T00:00:00/P1Y,%,83.7,Percentage,,,,73.2,Percentage,,,,80.5,Percentage,,,
E07000076,Tendring,Local Authority District,2022-09-01T00:00:00/P1Y,%,80.9,Percentage,,,,72.0,Percentage,,,,76.3,Percentage,,,
E07000076,Tendring,Local Authority District,2021-09-01T00:00:00/P1Y,%,81.7,Percentage,,,,68.4,Percentage,,,,74.1,Percentage,,,
E07000077,Uttlesford,Local Authority District,2022-09-01T00:00:00/P1Y,%,83.9,Percentage,,,,75.2,Percentage,,,,83.8,Percentage,,,
E07000077,Uttlesford,Local Authority District,2021-09-01T00:00:00/P1Y,%,84.7,Percentage,,,,75.6,Percentage,,,,82.3,Percentage,,,
E10000015,Hertfordshire ,County or Unitary Authority,2022-09-01T00:00:00/P1Y,%,81.2,Percentage,,,,70.7,Percentage,,,,78.7,Percentage,,,
E10000015,Hertfordshire ,County or Unitary Authority,2021-09-01T00:00:00/P1Y,%,81.0,Percentage,,,,67.9,Percentage,,,,77.4,Percentage,,,
E07000095,Broxbourne,Local Authority District,2021-09-01T00:00:00/P1Y,%,76.6,Percentage,,,,63.9,Percentage,,,,75.4,Percentage,,,
E07000095,Broxbourne,Local Authority District,2022-09-01T00:00:00/P1Y,%,79.3,Percentage,,,,68.7,Percentage,,,,78.1,Percentage,,,
E07000096,Dacorum,Local Authority District,2022-09-01T00:00:00/P1Y,%,78.5,Percentage,,,,67.1,Percentage,,,,75.1,Percentage,,,
E07000096,Dacorum,Local Authority District,2021-09-01T00:00:00/P1Y,%,80.8,Percentage,,,,66.9,Percentage,,,,74.2,Percentage,,,
E07000242,East Hertfordshire,Local Authority District,2022-09-01T00:00:00/P1Y,%,81.9,Percentage,,,,70.4,Percentage,,,,79.4,Percentage,,,
E07000242,East Hertfordshire,Local Authority District,2021-09-01T00:00:00/P1Y,%,82.1,Percentage,,,,68.9,Percentage,,,,78.4,Percentage,,,
E07000098,Hertsmere,Local Authority District,2022-09-01T00:00:00/P1Y,%,82.7,Percentage,,,,72.4,Percentage,,,,77.8,Percentage,,,
E07000098,Hertsmere,Local Authority District,2021-09-01T00:00:00/P1Y,%,83.8,Percentage,,,,68.3,Percentage,,,,78.9,Percentage,,,
E07000099,North Hertfordshire,Local Authority District,2022-09-01T00:00:00/P1Y,%,82.8,Percentage,,,,71.8,Percentage,,,,80.6,Percentage,,,
E07000099,North Hertfordshire,Local Authority District,2021-09-01T00:00:00/P1Y,%,83.4,Percentage,,,,69.1,Percentage,,,,80.2,Percentage,,,
E07000240,St Albans,Local Authority District,2021-09-01T00:00:00/P1Y,%,83.8,Percentage,,,,71.9,Percentage,,,,81.5,Percentage,,,
E07000240,St Albans,Local Authority District,2022-09-01T00:00:00/P1Y,%,86.0,Percentage,,,,76.5,Percentage,,,,83.7,Percentage,,,
E07000243,Stevenage,Local Authority District,2021-09-01T00:00:00/P1Y,%,73.7,Percentage,,,,64.8,Percentage,,,,73.0,Percentage,,,
E07000243,Stevenage,Local Authority District,2022-09-01T00:00:00/P1Y,%,73.5,Percentage,,,,66.0,Percentage,,,,73.5,Percentage,,,
E07000102,Three Rivers,Local Authority District,2021-09-01T00:00:00/P1Y,%,83.8,Percentage,,,,71.4,Percentage,,,,78.7,Percentage,,,
E07000102,Three Rivers,Local Authority District,2022-09-01T00:00:00/P1Y,%,85.1,Percentage,,,,76.2,Percentage,,,,83.9,Percentage,,,
E07000103,Watford,Local Authority District,2021-09-01T00:00:00/P1Y,%,76.3,Percentage,,,,63.6,Percentage,,,,73.6,Percentage,,,
E07000103,Watford,Local Authority District,2022-09-01T00:00:00/P1Y,%,78.6,Percentage,,,,67.4,Percentage,,,,73.7,Percentage,,,
E07000241,Welwyn Hatfield,Local Authority District,2022-09-01T00:00:00/P1Y,%,82.1,Percentage,,,,71.4,Percentage,,,,80.7,Percentage,,,
E07000241,Welwyn Hatfield,Local Authority District,2021-09-01T00:00:00/P1Y,%,82.7,Percentage,,,,68.4,Percentage,,,,77.9,Percentage,,,
E10000020,Norfolk ,County or Unitary Authority,2022-09-01T00:00:00/P1Y,%,81.7,Percentage,,,,70.4,Percentage,,,,78.0,Percentage,,,
E10000020,Norfolk ,County or Unitary Authority,2021-09-01T00:00:00/P1Y,%,80.8,Percentage,,,,68.4,Percentage,,,,76.7,Percentage,,,
E07000143,Breckland,Local Authority District,2022-09-01T00:00:00/P1Y,%,79.9,Percentage,,,,70.3,Percentage,,,,78.4,Percentage,,,
E07000143,Breckland,Local Authority District,2021-09-01T00:00:00/P1Y,%,76.5,Percentage,,,,67.9,Percentage,,,,75.9,Percentage,,,
E07000144,Broadland,Local Authority District,2022-09-01T00:00:00/P1Y,%,85.0,Percentage,,,,75.3,Percentage,,,,81.8,Percentage,,,
E07000144,Broadland,Local Authority District,2021-09-01T00:00:00/P1Y,%,86.4,Percentage,,,,74.1,Percentage,,,,82.6,Percentage,,,
E07000145,Great Yarmouth,Local Authority District,2022-09-01T00:00:00/P1Y,%,78.1,Percentage,,,,67.2,Percentage,,,,74.8,Percentage,,,
E07000145,Great Yarmouth,Local Authority District,2021-09-01T00:00:00/P1Y,%,79.9,Percentage,,,,68.2,Percentage,,,,74.8,Percentage,,,
E07000146,King's Lynn and West Norfolk,Local Authority District,2022-09-01T00:00:00/P1Y,%,83.3,Percentage,,,,69.4,Percentage,,,,77.4,Percentage,,,
E07000146,King's Lynn and West Norfolk,Local Authority District,2021-09-01T00:00:00/P1Y,%,81.4,Percentage,,,,68.1,Percentage,,,,76.1,Percentage,,,
E07000147,North Norfolk,Local Authority District,2021-09-01T00:00:00/P1Y,%,77.8,Percentage,,,,64.5,Percentage,,,,73.8,Percentage,,,
E07000147,North Norfolk,Local Authority District,2022-09-01T00:00:00/P1Y,%,80.0,Percentage,,,,69.4,Percentage,,,,77.0,Percentage,,,
E07000148,Norwich,Local Authority District,2022-09-01T00:00:00/P1Y,%,78.4,Percentage,,,,68.5,Percentage,,,,75.0,Percentage,,,
E07000148,Norwich,Local Authority District,2021-09-01T00:00:00/P1Y,%,78.4,Percentage,,,,65.2,Percentage,,,,74.2,Percentage,,,
E07000149,South Norfolk,Local Authority District,2022-09-01T00:00:00/P1Y,%,84.9,Percentage,,,,71.3,Percentage,,,,80.1,Percentage,,,
E07000149,South Norfolk,Local Authority District,2021-09-01T00:00:00/P1Y,%,83.1,Percentage,,,,69.3,Percentage,,,,77.4,Percentage,,,
E10000029,Suffolk,County or Unitary Authority,2022-09-01T00:00:00/P1Y,%,80.4,Percentage,,,,69.4,Percentage,,,,77.2,Percentage,,,
E10000029,Suffolk,County or Unitary Authority,2021-09-01T00:00:00/P1Y,%,80.1,Percentage,,,,65.9,Percentage,,,,75.3,Percentage,,,
E07000200,Babergh,Local Authority District,2021-09-01T00:00:00/P1Y,%,80.7,Percentage,,,,67.7,Percentage,,,,78.1,Percentage,,,
E07000200,Babergh,Local Authority District,2022-09-01T00:00:00/P1Y,%,81.6,Percentage,,,,71.9,Percentage,,,,81.4,Percentage,,,
E07000244,East Suffolk,Local Authority District,2022-09-01T00:00:00/P1Y,%,82.2,Percentage,,,,71.8,Percentage,,,,78.2,Percentage,,,
E07000244,East Suffolk,Local Authority District,2021-09-01T00:00:00/P1Y,%,80.4,Percentage,,,,66.1,Percentage,,,,75.0,Percentage,,,
E07000202,Ipswich,Local Authority District,2022-09-01T00:00:00/P1Y,%,77.7,Percentage,,,,66.0,Percentage,,,,73.5,Percentage,,,
E07000202,Ipswich,Local Authority District,2021-09-01T00:00:00/P1Y,%,76.9,Percentage,,,,64.2,Percentage,,,,71.2,Percentage,,,
E07000203,Mid Suffolk,Local Authority District,2022-09-01T00:00:00/P1Y,%,82.4,Percentage,,,,74.3,Percentage,,,,81.1,Percentage,,,
E07000203,Mid Suffolk,Local Authority District,2021-09-01T00:00:00/P1Y,%,82.8,Percentage,,,,70.4,Percentage,,,,79.8,Percentage,,,
E07000245,West Suffolk,Local Authority District,2022-09-01T00:00:00/P1Y,%,78.9,Percentage,,,,65.5,Percentage,,,,75.3,Percentage,,,
E07000245,West Suffolk,Local Authority District,2021-09-01T00:00:00/P1Y,%,80.6,Percentage,,,,64.0,Percentage,,,,75.5,Percentage,,,
E12000007,London,Region,2021-09-01T00:00:00/P1Y,%,79.1,Percentage,,,,70.4,Percentage,,,,77.2,Percentage,,,
E12000007,London,Region,2022-09-01T00:00:00/P1Y,%,79.2,Percentage,,,,71.4,Percentage,,,,78.0,Percentage,,,
E13000001,Inner London,County or Unitary Authority,2021-09-01T00:00:00/P1Y,%,78.4,Percentage,,,,70.5,Percentage,,,,77.2,Percentage,,,
E13000001,Inner London,County or Unitary Authority,2022-09-01T00:00:00/P1Y,%,78.6,Percentage,,,,71.8,Percentage,,,,78.1,Percentage,,,
E09000007,Camden,Local Authority District,2022-09-01T00:00:00/P1Y,%,79.7,Percentage,,,,69.8,Percentage,,,,77.6,Percentage,,,
E09000007,Camden,Local Authority District,2021-09-01T00:00:00/P1Y,%,78.6,Percentage,,,,68.6,Percentage,,,,78.6,Percentage,,,
E09000001,City of London,Local Authority District,2021-09-01T00:00:00/P1Y,%,89.2,Percentage,,,,75.7,Percentage,,,,86.5,Percentage,,,
E09000001,City of London,Local Authority District,2022-09-01T00:00:00/P1Y,%,87.7,Percentage,,,,84.2,Percentage,,,,87.7,Percentage,,,
E09000012,Hackney,Local Authority District,2021-09-01T00:00:00/P1Y,%,78.7,Percentage,,,,72.6,Percentage,,,,78.7,Percentage,,,
E09000012,Hackney,Local Authority District,2022-09-01T00:00:00/P1Y,%,79.2,Percentage,,,,73.9,Percentage,,,,79.1,Percentage,,,
E09000013,Hammersmith and Fulham ,Local Authority District,2021-09-01T00:00:00/P1Y,%,79.1,Percentage,,,,69.7,Percentage,,,,76.6,Percentage,,,
E09000013,Hammersmith and Fulham ,Local Authority District,2022-09-01T00:00:00/P1Y,%,77.4,Percentage,,,,71.7,Percentage,,,,78.3,Percentage,,,
E09000014,Haringey,Local Authority District,2021-09-01T00:00:00/P1Y,%,79.7,Percentage,,,,73.0,Percentage,,,,78.0,Percentage,,,
E09000014,Haringey,Local Authority District,2022-09-01T00:00:00/P1Y,%,81.2,Percentage,,,,75.4,Percentage,,,,80.5,Percentage,,,
E09000019,Islington,Local Authority District,2021-09-01T00:00:00/P1Y,%,77.3,Percentage,,,,66.5,Percentage,,,,75.6,Percentage,,,
E09000019,Islington,Local Authority District,2022-09-01T00:00:00/P1Y,%,79.4,Percentage,,,,68.6,Percentage,,,,75.4,Percentage,,,
E09000020,Kensington and Chelsea,Local Authority District,2021-09-01T00:00:00/P1Y,%,77.8,Percentage,,,,70.7,Percentage,,,,77.1,Percentage,,,
E09000020,Kensington and Chelsea,Local Authority District,2022-09-01T00:00:00/P1Y,%,78.6,Percentage,,,,73.7,Percentage,,,,78.8,Percentage,,,
E09000022,Lambeth ,Local Authority District,2021-09-01T00:00:00/P1Y,%,77.6,Percentage,,,,69.5,Percentage,,,,77.4,Percentage,,,
E09000022,Lambeth ,Local Authority District,2022-09-01T00:00:00/P1Y,%,77.5,Percentage,,,,69.9,Percentage,,,,77.5,Percentage,,,
E09000023,Lewisham ,Local Authority District,2021-09-01T00:00:00/P1Y,%,81.3,Percentage,,,,72.8,Percentage,,,,79.7,Percentage,,,
E09000023,Lewisham ,Local Authority District,2022-09-01T00:00:00/P1Y,%,80.7,Percentage,,,,72.2,Percentage,,,,79.3,Percentage,,,
E09000025,Newham ,Local Authority District,2022-09-01T00:00:00/P1Y,%,77.8,Percentage,,,,72.3,Percentage,,,,77.0,Percentage,,,
E09000025,Newham ,Local Authority District,2021-09-01T00:00:00/P1Y,%,77.8,Percentage,,,,70.7,Percentage,,,,76.0,Percentage,,,
E09000028,Southwark,Local Authority District,2021-09-01T00:00:00/P1Y,%,78.2,Percentage,,,,71.2,Percentage,,,,77.3,Percentage,,,
E09000028,Southwark,Local Authority District,2022-09-01T00:00:00/P1Y,%,78.1,Percentage,,,,71.8,Percentage,,,,78.3,Percentage,,,
E09000030,Tower Hamlets,Local Authority District,2022-09-01T00:00:00/P1Y,%,75.3,Percentage,,,,67.7,Percentage,,,,74.0,Percentage,,,
E09000030,Tower Hamlets,Local Authority District,2021-09-01T00:00:00/P1Y,%,73.2,Percentage,,,,63.9,Percentage,,,,71.7,Percentage,,,
E09000032,Wandsworth,Local Authority District,2022-09-01T00:00:00/P1Y,%,80.9,Percentage,,,,75.9,Percentage,,,,82.7,Percentage,,,
E09000032,Wandsworth,Local Authority District,2021-09-01T00:00:00/P1Y,%,82.2,Percentage,,,,75.5,Percentage,,,,81.3,Percentage,,,
E09000033,Westminster,Local Authority District,2021-09-01T00:00:00/P1Y,%,77.8,Percentage,,,,69.9,Percentage,,,,77.4,Percentage,,,
E09000033,Westminster,Local Authority District,2022-09-01T00:00:00/P1Y,%,76.1,Percentage,,,,68.6,Percentage,,,,77.0,Percentage,,,
E13000002,Outer London,County or Unitary Authority,2021-09-01T00:00:00/P1Y,%,79.5,Percentage,,,,70.4,Percentage,,,,77.2,Percentage,,,
E13000002,Outer London,County or Unitary Authority,2022-09-01T00:00:00/P1Y,%,79.4,Percentage,,,,71.2,Percentage,,,,77.9,Percentage,,,
E09000002,Barking and Dagenham,Local Authority District,2021-09-01T00:00:00/P1Y,%,75.6,Percentage,,,,64.6,Percentage,,,,70.6,Percentage,,,
E09000002,Barking and Dagenham,Local Authority District,2022-09-01T00:00:00/P1Y,%,74.4,Percentage,,,,66.9,Percentage,,,,73.1,Percentage,,,
E09000003,Barnet,Local Authority District,2022-09-01T00:00:00/P1Y,%,81.6,Percentage,,,,72.4,Percentage,,,,79.5,Percentage,,,
E09000003,Barnet,Local Authority District,2021-09-01T00:00:00/P1Y,%,78.7,Percentage,,,,67.5,Percentage,,,,76.7,Percentage,,,
E09000004,Bexley,Local Authority District,2022-09-01T00:00:00/P1Y,%,80.9,Percentage,,,,74.2,Percentage,,,,79.5,Percentage,,,
E09000004,Bexley,Local Authority District,2021-09-01T00:00:00/P1Y,%,80.3,Percentage,,,,72.6,Percentage,,,,77.9,Percentage,,,
E09000005,Brent ,Local Authority District,2022-09-01T00:00:00/P1Y,%,75.1,Percentage,,,,68.7,Percentage,,,,74.7,Percentage,,,
E09000005,Brent ,Local Authority District,2021-09-01T00:00:00/P1Y,%,75.7,Percentage,,,,68.9,Percentage,,,,75.5,Percentage,,,
E09000006,Bromley,Local Authority District,2022-09-01T00:00:00/P1Y,%,82.7,Percentage,,,,75.3,Percentage,,,,81.6,Percentage,,,
E09000006,Bromley,Local Authority District,2021-09-01T00:00:00/P1Y,%,83.2,Percentage,,,,74.6,Percentage,,,,81.6,Percentage,,,
E09000008,Croydon,Local Authority District,2022-09-01T00:00:00/P1Y,%,78.9,Percentage,,,,71.2,Percentage,,,,78.4,Percentage,,,
E09000008,Croydon,Local Authority District,2021-09-01T00:00:00/P1Y,%,78.6,Percentage,,,,69.9,Percentage,,,,77.9,Percentage,,,
E09000009,Ealing,Local Authority District,2021-09-01T00:00:00/P1Y,%,77.3,Percentage,,,,70.2,Percentage,,,,76.7,Percentage,,,
E09000009,Ealing,Local Authority District,2022-09-01T00:00:00/P1Y,%,77.2,Percentage,,,,71.0,Percentage,,,,77.4,Percentage,,,
E09000010,Enfield,Local Authority District,2022-09-01T00:00:00/P1Y,%,75.0,Percentage,,,,67.0,Percentage,,,,73.7,Percentage,,,
E09000010,Enfield,Local Authority District,2021-09-01T00:00:00/P1Y,%,76.0,Percentage,,,,67.1,Percentage,,,,73.4,Percentage,,,
E09000011,Greenwich,Local Authority District,2021-09-01T00:00:00/P1Y,%,78.8,Percentage,,,,70.9,Percentage,,,,76.5,Percentage,,,
E09000011,Greenwich,Local Authority District,2022-09-01T00:00:00/P1Y,%,78.7,Percentage,,,,71.6,Percentage,,,,77.5,Percentage,,,
E09000015,Harrow,Local Authority District,2022-09-01T00:00:00/P1Y,%,77.4,Percentage,,,,70.0,Percentage,,,,77.4,Percentage,,,
E09000015,Harrow,Local Authority District,2021-09-01T00:00:00/P1Y,%,79.5,Percentage,,,,72.7,Percentage,,,,78.2,Percentage,,,
E09000016,Havering,Local Authority District,2021-09-01T00:00:00/P1Y,%,79.7,Percentage,,,,66.7,Percentage,,,,74.7,Percentage,,,
E09000016,Havering,Local Authority District,2022-09-01T00:00:00/P1Y,%,79.1,Percentage,,,,67.1,Percentage,,,,75.1,Percentage,,,
E09000017,Hillingdon,Local Authority District,2021-09-01T00:00:00/P1Y,%,77.0,Percentage,,,,65.9,Percentage,,,,74.1,Percentage,,,
E09000017,Hillingdon,Local Authority District,2022-09-01T00:00:00/P1Y,%,80.2,Percentage,,,,71.1,Percentage,,,,77.2,Percentage,,,
E09000018,Hounslow,Local Authority District,2021-09-01T00:00:00/P1Y,%,77.3,Percentage,,,,68.9,Percentage,,,,75.2,Percentage,,,
E09000018,Hounslow,Local Authority District,2022-09-01T00:00:00/P1Y,%,77.0,Percentage,,,,68.5,Percentage,,,,75.7,Percentage,,,
E09000021,Kingston upon Thames,Local Authority District,2021-09-01T00:00:00/P1Y,%,87.1,Percentage,,,,73.8,Percentage,,,,83.4,Percentage,,,
E09000021,Kingston upon Thames,Local Authority District,2022-09-01T00:00:00/P1Y,%,86.2,Percentage,,,,75.0,Percentage,,,,83.4,Percentage,,,
E09000024,Merton,Local Authority District,2021-09-01T00:00:00/P1Y,%,82.0,Percentage,,,,72.1,Percentage,,,,80.2,Percentage,,,
E09000024,Merton,Local Authority District,2022-09-01T00:00:00/P1Y,%,79.6,Percentage,,,,71.2,Percentage,,,,78.6,Percentage,,,
E09000026,Redbridge,Local Authority District,2021-09-01T00:00:00/P1Y,%,78.4,Percentage,,,,70.9,Percentage,,,,76.2,Percentage,,,
E09000026,Redbridge,Local Authority District,2022-09-01T00:00:00/P1Y,%,79.7,Percentage,,,,71.9,Percentage,,,,76.9,Percentage,,,
E09000027,Richmond upon Thames,Local Authority District,2021-09-01T00:00:00/P1Y,%,90.0,Percentage,,,,77.6,Percentage,,,,86.2,Percentage,,,
E09000027,Richmond upon Thames,Local Authority District,2022-09-01T00:00:00/P1Y,%,88.7,Percentage,,,,78.1,Percentage,,,,87.1,Percentage,,,
E09000029,Sutton,Local Authority District,2021-09-01T00:00:00/P1Y,%,84.0,Percentage,,,,72.7,Percentage,,,,80.2,Percentage,,,
E09000029,Sutton,Local Authority District,2022-09-01T00:00:00/P1Y,%,82.0,Percentage,,,,71.2,Percentage,,,,79.3,Percentage,,,
E09000031,Waltham Forest,Local Authority District,2022-09-01T00:00:00/P1Y,%,82.8,Percentage,,,,76.4,Percentage,,,,81.4,Percentage,,,
E09000031,Waltham Forest,Local Authority District,2021-09-01T00:00:00/P1Y,%,81.2,Percentage,,,,75.0,Percentage,,,,79.5,Percentage,,,
E12000008,South East,Region,2021-09-01T00:00:00/P1Y,%,82.4,Percentage,,,,70.6,Percentage,,,,79.0,Percentage,,,
E12000008,South East,Region,2022-09-01T00:00:00/P1Y,%,82.8,Percentage,,,,72.4,Percentage,,,,80.4,Percentage,,,
E06000036,Bracknell Forest,County or Unitary Authority,2022-09-01T00:00:00/P1Y,%,80.6,Percentage,,,,72.9,Percentage,,,,80.9,Percentage,,,
E06000036,Bracknell Forest,County or Unitary Authority,2021-09-01T00:00:00/P1Y,%,82.7,Percentage,,,,71.6,Percentage,,,,78.2,Percentage,,,
E06000043,Brighton and Hove,County or Unitary Authority,2022-09-01T00:00:00/P1Y,%,81.8,Percentage,,,,72.7,Percentage,,,,79.7,Percentage,,,
E06000043,Brighton and Hove,County or Unitary Authority,2021-09-01T00:00:00/P1Y,%,79.5,Percentage,,,,69.9,Percentage,,,,77.4,Percentage,,,
E06000060,Buckinghamshire,County or Unitary Authority,2021-09-01T00:00:00/P1Y,%,80.9,Percentage,,,,67.5,Percentage,,,,76.4,Percentage,,,
E06000060,Buckinghamshire,County or Unitary Authority,2022-09-01T00:00:00/P1Y,%,83.0,Percentage,,,,72.4,Percentage,,,,80.3,Percentage,,,
E06000046,Isle of Wight,County or Unitary Authority,2022-09-01T00:00:00/P1Y,%,83.2,Percentage,,,,71.6,Percentage,,,,80.4,Percentage,,,
E06000046,Isle of Wight,County or Unitary Authority,2021-09-01T00:00:00/P1Y,%,80.0,Percentage,,,,66.6,Percentage,,,,77.5,Percentage,,,
E06000035,Medway,County or Unitary Authority,2022-09-01T00:00:00/P1Y,%,79.8,Percentage,,,,69.8,Percentage,,,,77.3,Percentage,,,
E06000035,Medway,County or Unitary Authority,2021-09-01T00:00:00/P1Y,%,79.2,Percentage,,,,68.4,Percentage,,,,76.0,Percentage,,,
E06000042,Milton Keynes,County or Unitary Authority,2022-09-01T00:00:00/P1Y,%,81.7,Percentage,,,,71.8,Percentage,,,,78.8,Percentage,,,
E06000042,Milton Keynes,County or Unitary Authority,2021-09-01T00:00:00/P1Y,%,81.2,Percentage,,,,69.6,Percentage,,,,77.0,Percentage,,,
E06000044,Portsmouth,County or Unitary Authority,2022-09-01T00:00:00/P1Y,%,78.4,Percentage,,,,67.6,Percentage,,,,75.2,Percentage,,,
E06000044,Portsmouth,County or Unitary Authority,2021-09-01T00:00:00/P1Y,%,80.5,Percentage,,,,64.7,Percentage,,,,75.0,Percentage,,,
E06000038,Reading,County or Unitary Authority,2022-09-01T00:00:00/P1Y,%,76.5,Percentage,,,,67.6,Percentage,,,,74.7,Percentage,,,
E06000038,Reading,County or Unitary Authority,2021-09-01T00:00:00/P1Y,%,76.4,Percentage,,,,66.6,Percentage,,,,75.6,Percentage,,,
E06000039,Slough,County or Unitary Authority,2022-09-01T00:00:00/P1Y,%,79.3,Percentage,,,,70.1,Percentage,,,,76.9,Percentage,,,
E06000039,Slough,County or Unitary Authority,2021-09-01T00:00:00/P1Y,%,79.0,Percentage,,,,68.3,Percentage,,,,75.8,Percentage,,,
E06000045,Southampton,County or Unitary Authority,2022-09-01T00:00:00/P1Y,%,79.2,Percentage,,,,69.2,Percentage,,,,77.6,Percentage,,,
E06000045,Southampton,County or Unitary Authority,2021-09-01T00:00:00/P1Y,%,77.8,Percentage,,,,64.8,Percentage,,,,73.9,Percentage,,,
E06000037,West Berkshire,County or Unitary Authority,2021-09-01T00:00:00/P1Y,%,81.5,Percentage,,,,70.3,Percentage,,,,79.6,Percentage,,,
E06000037,West Berkshire,County or Unitary Authority,2022-09-01T00:00:00/P1Y,%,81.8,Percentage,,,,71.7,Percentage,,,,81.2,Percentage,,,
E06000040,Windsor and Maidenhead,County or Unitary Authority,2022-09-01T00:00:00/P1Y,%,85.0,Percentage,,,,70.1,Percentage,,,,78.8,Percentage,,,
E06000040,Windsor and Maidenhead,County or Unitary Authority,2021-09-01T00:00:00/P1Y,%,85.5,Percentage,,,,71.2,Percentage,,,,79.9,Percentage,,,
E06000041,Wokingham,County or Unitary Authority,2022-09-01T00:00:00/P1Y,%,86.5,Percentage,,,,78.6,Percentage,,,,84.9,Percentage,,,
E06000041,Wokingham,County or Unitary Authority,2021-09-01T00:00:00/P1Y,%,87.1,Percentage,,,,76.6,Percentage,,,,83.0,Percentage,,,
E10000011,East Sussex,County or Unitary Authority,2022-09-01T00:00:00/P1Y,%,84.3,Percentage,,,,71.6,Percentage,,,,79.6,Percentage,,,
E10000011,East Sussex,County or Unitary Authority,2021-09-01T00:00:00/P1Y,%,84.3,Percentage,,,,71.7,Percentage,,,,79.2,Percentage,,,
E07000061,Eastbourne,Local Authority District,2021-09-01T00:00:00/P1Y,%,82.9,Percentage,,,,69.6,Percentage,,,,78.9,Percentage,,,
E07000061,Eastbourne,Local Authority District,2022-09-01T00:00:00/P1Y,%,83.1,Percentage,,,,69.6,Percentage,,,,77.8,Percentage,,,
E07000062,Hastings,Local Authority District,2022-09-01T00:00:00/P1Y,%,80.7,Percentage,,,,68.0,Percentage,,,,75.0,Percentage,,,
E07000062,Hastings,Local Authority District,2021-09-01T00:00:00/P1Y,%,81.0,Percentage,,,,67.6,Percentage,,,,73.3,Percentage,,,
E07000063,Lewes,Local Authority District,2022-09-01T00:00:00/P1Y,%,84.9,Percentage,,,,71.7,Percentage,,,,80.5,Percentage,,,
E07000063,Lewes,Local Authority District,2021-09-01T00:00:00/P1Y,%,86.2,Percentage,,,,73.4,Percentage,,,,82.3,Percentage,,,
E07000064,Rother,Local Authority District,2021-09-01T00:00:00/P1Y,%,83.9,Percentage,,,,71.5,Percentage,,,,78.8,Percentage,,,
E07000064,Rother,Local Authority District,2022-09-01T00:00:00/P1Y,%,85.1,Percentage,,,,73.7,Percentage,,,,82.0,Percentage,,,
E07000065,Wealden,Local Authority District,2021-09-01T00:00:00/P1Y,%,86.5,Percentage,,,,75.1,Percentage,,,,81.5,Percentage,,,
E07000065,Wealden,Local Authority District,2022-09-01T00:00:00/P1Y,%,86.5,Percentage,,,,74.0,Percentage,,,,81.9,Percentage,,,
E10000014,Hampshire,County or Unitary Authority,2021-09-01T00:00:00/P1Y,%,85.8,Percentage,,,,73.8,Percentage,,,,82.1,Percentage,,,
E10000014,Hampshire,County or Unitary Authority,2022-09-01T00:00:00/P1Y,%,86.0,Percentage,,,,74.5,Percentage,,,,82.4,Percentage,,,
E07000084,Basingstoke and Deane,Local Authority District,2022-09-01T00:00:00/P1Y,%,84.5,Percentage,,,,74.0,Percentage,,,,81.5,Percentage,,,
E07000084,Basingstoke and Deane,Local Authority District,2021-09-01T00:00:00/P1Y,%,84.6,Percentage,,,,75.4,Percentage,,,,81.7,Percentage,,,
E07000085,East Hampshire,Local Authority District,2022-09-01T00:00:00/P1Y,%,86.7,Percentage,,,,75.2,Percentage,,,,83.2,Percentage,,,
E07000085,East Hampshire,Local Authority District,2021-09-01T00:00:00/P1Y,%,87.2,Percentage,,,,74.7,Percentage,,,,83.5,Percentage,,,
E07000086,Eastleigh,Local Authority District,2022-09-01T00:00:00/P1Y,%,87.4,Percentage,,,,76.9,Percentage,,,,85.1,Percentage,,,
E07000086,Eastleigh,Local Authority District,2021-09-01T00:00:00/P1Y,%,87.1,Percentage,,,,74.3,Percentage,,,,83.3,Percentage,,,
E07000087,Fareham,Local Authority District,2021-09-01T00:00:00/P1Y,%,87.3,Percentage,,,,74.1,Percentage,,,,82.9,Percentage,,,
E07000087,Fareham,Local Authority District,2022-09-01T00:00:00/P1Y,%,85.7,Percentage,,,,74.2,Percentage,,,,80.8,Percentage,,,
E07000088,Gosport,Local Authority District,2022-09-01T00:00:00/P1Y,%,82.9,Percentage,,,,69.5,Percentage,,,,78.5,Percentage,,,
E07000088,Gosport,Local Authority District,2021-09-01T00:00:00/P1Y,%,83.0,Percentage,,,,67.4,Percentage,,,,77.4,Percentage,,,
E07000089,Hart,Local Authority District,2022-09-01T00:00:00/P1Y,%,88.6,Percentage,,,,78.1,Percentage,,,,85.8,Percentage,,,
E07000089,Hart,Local Authority District,2021-09-01T00:00:00/P1Y,%,89.1,Percentage,,,,79.3,Percentage,,,,85.3,Percentage,,,
E07000090,Havant,Local Authority District,2022-09-01T00:00:00/P1Y,%,83.8,Percentage,,,,69.5,Percentage,,,,78.0,Percentage,,,
E07000090,Havant,Local Authority District,2021-09-01T00:00:00/P1Y,%,83.0,Percentage,,,,67.9,Percentage,,,,78.5,Percentage,,,
E07000091,New Forest,Local Authority District,2021-09-01T00:00:00/P1Y,%,84.9,Percentage,,,,72.7,Percentage,,,,81.9,Percentage,,,
E07000091,New Forest,Local Authority District,2022-09-01T00:00:00/P1Y,%,86.9,Percentage,,,,75.7,Percentage,,,,82.3,Percentage,,,
E07000092,Rushmoor,Local Authority District,2022-09-01T00:00:00/P1Y,%,80.5,Percentage,,,,68.2,Percentage,,,,79.8,Percentage,,,
E07000092,Rushmoor,Local Authority District,2021-09-01T00:00:00/P1Y,%,79.7,Percentage,,,,69.7,Percentage,,,,78.7,Percentage,,,
E07000093,Test Valley,Local Authority District,2021-09-01T00:00:00/P1Y,%,87.9,Percentage,,,,75.0,Percentage,,,,82.5,Percentage,,,
E07000093,Test Valley,Local Authority District,2022-09-01T00:00:00/P1Y,%,87.7,Percentage,,,,75.6,Percentage,,,,84.4,Percentage,,,
E07000094,Winchester,Local Authority District,2022-09-01T00:00:00/P1Y,%,90.3,Percentage,,,,79.4,Percentage,,,,85.2,Percentage,,,
E07000094,Winchester,Local Authority District,2021-09-01T00:00:00/P1Y,%,88.9,Percentage,,,,77.5,Percentage,,,,85.6,Percentage,,,
E10000016,Kent,County or Unitary Authority,2022-09-01T00:00:00/P1Y,%,80.7,Percentage,,,,70.8,Percentage,,,,79.2,Percentage,,,
E10000016,Kent,County or Unitary Authority,2021-09-01T00:00:00/P1Y,%,80.2,Percentage,,,,68.8,Percentage,,,,77.5,Percentage,,,
E07000105,Ashford,Local Authority District,2021-09-01T00:00:00/P1Y,%,79.5,Percentage,,,,72.0,Percentage,,,,79.9,Percentage,,,
E07000105,Ashford,Local Authority District,2022-09-01T00:00:00/P1Y,%,79.7,Percentage,,,,71.0,Percentage,,,,79.5,Percentage,,,
E07000106,Canterbury,Local Authority District,2021-09-01T00:00:00/P1Y,%,78.3,Percentage,,,,65.1,Percentage,,,,74.7,Percentage,,,
E07000106,Canterbury,Local Authority District,2022-09-01T00:00:00/P1Y,%,78.0,Percentage,,,,67.5,Percentage,,,,76.6,Percentage,,,
E07000107,Dartford,Local Authority District,2022-09-01T00:00:00/P1Y,%,81.9,Percentage,,,,72.5,Percentage,,,,79.0,Percentage,,,
E07000107,Dartford,Local Authority District,2021-09-01T00:00:00/P1Y,%,80.1,Percentage,,,,67.5,Percentage,,,,76.8,Percentage,,,
E07000108,Dover,Local Authority District,2022-09-01T00:00:00/P1Y,%,81.2,Percentage,,,,70.8,Percentage,,,,78.9,Percentage,,,
E07000108,Dover,Local Authority District,2021-09-01T00:00:00/P1Y,%,78.7,Percentage,,,,69.0,Percentage,,,,77.6,Percentage,,,
E07000112,Folkestone and Hythe,Local Authority District,2022-09-01T00:00:00/P1Y,%,80.9,Percentage,,,,71.3,Percentage,,,,78.6,Percentage,,,
E07000112,Folkestone and Hythe,Local Authority District,2021-09-01T00:00:00/P1Y,%,80.8,Percentage,,,,70.0,Percentage,,,,78.5,Percentage,,,
E07000109,Gravesham,Local Authority District,2022-09-01T00:00:00/P1Y,%,79.9,Percentage,,,,69.4,Percentage,,,,76.2,Percentage,,,
E07000109,Gravesham,Local Authority District,2021-09-01T00:00:00/P1Y,%,79.7,Percentage,,,,68.5,Percentage,,,,73.8,Percentage,,,
E07000110,Maidstone,Local Authority District,2022-09-01T00:00:00/P1Y,%,82.1,Percentage,,,,73.5,Percentage,,,,80.9,Percentage,,,
E07000110,Maidstone,Local Authority District,2021-09-01T00:00:00/P1Y,%,79.3,Percentage,,,,67.3,Percentage,,,,77.1,Percentage,,,
E07000111,Sevenoaks,Local Authority District,2022-09-01T00:00:00/P1Y,%,84.2,Percentage,,,,75.5,Percentage,,,,83.0,Percentage,,,
E07000111,Sevenoaks,Local Authority District,2021-09-01T00:00:00/P1Y,%,84.3,Percentage,,,,72.0,Percentage,,,,81.6,Percentage,,,
E07000113,Swale,Local Authority District,2022-09-01T00:00:00/P1Y,%,78.8,Percentage,,,,69.4,Percentage,,,,78.7,Percentage,,,
E07000113,Swale,Local Authority District,2021-09-01T00:00:00/P1Y,%,77.9,Percentage,,,,67.5,Percentage,,,,75.3,Percentage,,,
E07000114,Thanet,Local Authority District,2022-09-01T00:00:00/P1Y,%,77.1,Percentage,,,,64.5,Percentage,,,,75.8,Percentage,,,
E07000114,Thanet,Local Authority District,2021-09-01T00:00:00/P1Y,%,75.7,Percentage,,,,63.1,Percentage,,,,72.0,Percentage,,,
E07000115,Tonbridge and Malling,Local Authority District,2022-09-01T00:00:00/P1Y,%,82.7,Percentage,,,,72.1,Percentage,,,,81.9,Percentage,,,
E07000115,Tonbridge and Malling,Local Authority District,2021-09-01T00:00:00/P1Y,%,84.2,Percentage,,,,73.6,Percentage,,,,82.1,Percentage,,,
E07000116,Tunbridge Wells,Local Authority District,2021-09-01T00:00:00/P1Y,%,85.1,Percentage,,,,71.1,Percentage,,,,82.4,Percentage,,,
E07000116,Tunbridge Wells,Local Authority District,2022-09-01T00:00:00/P1Y,%,82.7,Percentage,,,,72.6,Percentage,,,,81.3,Percentage,,,
E10000025,Oxfordshire ,County or Unitary Authority,2021-09-01T00:00:00/P1Y,%,82.5,Percentage,,,,70.5,Percentage,,,,79.2,Percentage,,,
E10000025,Oxfordshire ,County or Unitary Authority,2022-09-01T00:00:00/P1Y,%,83.0,Percentage,,,,72.2,Percentage,,,,80.5,Percentage,,,
E07000177,Cherwell,Local Authority District,2022-09-01T00:00:00/P1Y,%,81.2,Percentage,,,,70.5,Percentage,,,,79.6,Percentage,,,
E07000177,Cherwell,Local Authority District,2021-09-01T00:00:00/P1Y,%,81.6,Percentage,,,,71.2,Percentage,,,,79.2,Percentage,,,
E07000178,Oxford,Local Authority District,2021-09-01T00:00:00/P1Y,%,81.1,Percentage,,,,66.7,Percentage,,,,75.5,Percentage,,,
E07000178,Oxford,Local Authority District,2022-09-01T00:00:00/P1Y,%,82.6,Percentage,,,,69.0,Percentage,,,,78.1,Percentage,,,
E07000179,South Oxfordshire,Local Authority District,2021-09-01T00:00:00/P1Y,%,84.8,Percentage,,,,70.4,Percentage,,,,80.2,Percentage,,,
E07000179,South Oxfordshire,Local Authority District,2022-09-01T00:00:00/P1Y,%,85.1,Percentage,,,,74.3,Percentage,,,,82.7,Percentage,,,
E07000180,Vale of White Horse,Local Authority District,2022-09-01T00:00:00/P1Y,%,81.5,Percentage,,,,71.4,Percentage,,,,79.7,Percentage,,,
E07000180,Vale of White Horse,Local Authority District,2021-09-01T00:00:00/P1Y,%,80.4,Percentage,,,,68.4,Percentage,,,,78.5,Percentage,,,
E07000181,West Oxfordshire,Local Authority District,2021-09-01T00:00:00/P1Y,%,84.8,Percentage,,,,77.0,Percentage,,,,82.8,Percentage,,,
E07000181,West Oxfordshire,Local Authority District,2022-09-01T00:00:00/P1Y,%,85.2,Percentage,,,,76.1,Percentage,,,,82.3,Percentage,,,
E10000030,Surrey,County or Unitary Authority,2021-09-01T00:00:00/P1Y,%,85.5,Percentage,,,,76.1,Percentage,,,,83.6,Percentage,,,
E10000030,Surrey,County or Unitary Authority,2022-09-01T00:00:00/P1Y,%,84.8,Percentage,,,,76.4,Percentage,,,,84.1,Percentage,,,
E07000207,Elmbridge,Local Authority District,2022-09-01T00:00:00/P1Y,%,88.4,Percentage,,,,79.6,Percentage,,,,87.2,Percentage,,,
E07000207,Elmbridge,Local Authority District,2021-09-01T00:00:00/P1Y,%,88.1,Percentage,,,,79.2,Percentage,,,,86.6,Percentage,,,
E07000208,Epsom and Ewell,Local Authority District,2021-09-01T00:00:00/P1Y,%,85.5,Percentage,,,,78.0,Percentage,,,,84.0,Percentage,,,
E07000208,Epsom and Ewell,Local Authority District,2022-09-01T00:00:00/P1Y,%,83.6,Percentage,,,,77.4,Percentage,,,,85.0,Percentage,,,
E07000209,Guildford,Local Authority District,2021-09-01T00:00:00/P1Y,%,83.7,Percentage,,,,73.7,Percentage,,,,81.9,Percentage,,,
E07000209,Guildford,Local Authority District,2022-09-01T00:00:00/P1Y,%,85.1,Percentage,,,,76.7,Percentage,,,,83.4,Percentage,,,
E07000210,Mole Valley,Local Authority District,2022-09-01T00:00:00/P1Y,%,84.5,Percentage,,,,75.3,Percentage,,,,82.3,Percentage,,,
E07000210,Mole Valley,Local Authority District,2021-09-01T00:00:00/P1Y,%,84.4,Percentage,,,,76.0,Percentage,,,,81.3,Percentage,,,
E07000211,Reigate and Banstead,Local Authority District,2021-09-01T00:00:00/P1Y,%,84.5,Percentage,,,,74.2,Percentage,,,,82.7,Percentage,,,
E07000211,Reigate and Banstead,Local Authority District,2022-09-01T00:00:00/P1Y,%,82.6,Percentage,,,,74.3,Percentage,,,,82.4,Percentage,,,
E07000212,Runnymede,Local Authority District,2022-09-01T00:00:00/P1Y,%,83.2,Percentage,,,,74.0,Percentage,,,,80.4,Percentage,,,
E07000212,Runnymede,Local Authority District,2021-09-01T00:00:00/P1Y,%,85.7,Percentage,,,,74.0,Percentage,,,,79.8,Percentage,,,
E07000213,Spelthorne,Local Authority District,2021-09-01T00:00:00/P1Y,%,82.0,Percentage,,,,73.5,Percentage,,,,81.3,Percentage,,,
E07000213,Spelthorne,Local Authority District,2022-09-01T00:00:00/P1Y,%,79.2,Percentage,,,,72.7,Percentage,,,,81.5,Percentage,,,
E07000214,Surrey Heath,Local Authority District,2021-09-01T00:00:00/P1Y,%,86.9,Percentage,,,,77.8,Percentage,,,,85.8,Percentage,,,
E07000214,Surrey Heath,Local Authority District,2022-09-01T00:00:00/P1Y,%,85.2,Percentage,,,,75.3,Percentage,,,,85.7,Percentage,,,
E07000215,Tandridge,Local Authority District,2022-09-01T00:00:00/P1Y,%,85.4,Percentage,,,,77.4,Percentage,,,,84.5,Percentage,,,
E07000215,Tandridge,Local Authority District,2021-09-01T00:00:00/P1Y,%,87.0,Percentage,,,,77.4,Percentage,,,,84.5,Percentage,,,
E07000216,Waverley,Local Authority District,2022-09-01T00:00:00/P1Y,%,88.5,Percentage,,,,80.2,Percentage,,,,86.6,Percentage,,,
E07000216,Waverley,Local Authority District,2021-09-01T00:00:00/P1Y,%,87.8,Percentage,,,,79.3,Percentage,,,,87.0,Percentage,,,
E07000217,Woking,Local Authority District,2022-09-01T00:00:00/P1Y,%,85.7,Percentage,,,,76.2,Percentage,,,,84.4,Percentage,,,
E07000217,Woking,Local Authority District,2021-09-01T00:00:00/P1Y,%,84.0,Percentage,,,,73.9,Percentage,,,,82.9,Percentage,,,
E10000032,West Sussex,County or Unitary Authority,2022-09-01T00:00:00/P1Y,%,82.8,Percentage,,,,70.9,Percentage,,,,80.0,Percentage,,,
E10000032,West Sussex,County or Unitary Authority,2021-09-01T00:00:00/P1Y,%,81.8,Percentage,,,,68.0,Percentage,,,,77.5,Percentage,,,
E07000223,Adur,Local Authority District,2021-09-01T00:00:00/P1Y,%,81.8,Percentage,,,,69.7,Percentage,,,,78.6,Percentage,,,
E07000223,Adur,Local Authority District,2022-09-01T00:00:00/P1Y,%,85.3,Percentage,,,,73.1,Percentage,,,,81.9,Percentage,,,
E07000224,Arun,Local Authority District,2022-09-01T00:00:00/P1Y,%,83.0,Percentage,,,,70.1,Percentage,,,,79.1,Percentage,,,
E07000224,Arun,Local Authority District,2021-09-01T00:00:00/P1Y,%,82.9,Percentage,,,,66.2,Percentage,,,,75.6,Percentage,,,
E07000225,Chichester,Local Authority District,2021-09-01T00:00:00/P1Y,%,81.4,Percentage,,,,65.5,Percentage,,,,76.7,Percentage,,,
E07000225,Chichester,Local Authority District,2022-09-01T00:00:00/P1Y,%,84.1,Percentage,,,,72.1,Percentage,,,,80.1,Percentage,,,
E07000226,Crawley,Local Authority District,2021-09-01T00:00:00/P1Y,%,78.4,Percentage,,,,65.8,Percentage,,,,73.2,Percentage,,,
E07000226,Crawley,Local Authority District,2022-09-01T00:00:00/P1Y,%,78.4,Percentage,,,,65.5,Percentage,,,,75.5,Percentage,,,
E07000227,Horsham,Local Authority District,2021-09-01T00:00:00/P1Y,%,83.3,Percentage,,,,70.4,Percentage,,,,79.7,Percentage,,,
E07000227,Horsham,Local Authority District,2022-09-01T00:00:00/P1Y,%,84.0,Percentage,,,,72.6,Percentage,,,,82.5,Percentage,,,
E07000228,Mid Sussex,Local Authority District,2021-09-01T00:00:00/P1Y,%,84.1,Percentage,,,,69.9,Percentage,,,,80.1,Percentage,,,
E07000228,Mid Sussex,Local Authority District,2022-09-01T00:00:00/P1Y,%,84.6,Percentage,,,,71.2,Percentage,,,,81.3,Percentage,,,
E07000229,Worthing,Local Authority District,2021-09-01T00:00:00/P1Y,%,79.1,Percentage,,,,68.9,Percentage,,,,78.5,Percentage,,,
E07000229,Worthing,Local Authority District,2022-09-01T00:00:00/P1Y,%,81.5,Percentage,,,,73.8,Percentage,,,,80.9,Percentage,,,
E12000009,South West,Region,2022-09-01T00:00:00/P1Y,%,81.6,Percentage,,,,71.2,Percentage,,,,78.9,Percentage,,,
E12000009,South West,Region,2021-09-01T00:00:00/P1Y,%,81.8,Percentage,,,,69.7,Percentage,,,,78.2,Percentage,,,
E47000009,West of England,Combined Authority or City Region,2021-09-01T00:00:00/P1Y,%,81.8,Percentage,,,,70.7,Percentage,,,,78.6,Percentage,,,
E47000009,West of England,Combined Authority or City Region,2022-09-01T00:00:00/P1Y,%,81.6,Percentage,,,,72.1,Percentage,,,,79.1,Percentage,,,
E06000022,Bath and North East Somerset,County or Unitary Authority,2022-09-01T00:00:00/P1Y,%,83.5,Percentage,,,,74.3,Percentage,,,,81.5,Percentage,,,
E06000022,Bath and North East Somerset,County or Unitary Authority,2021-09-01T00:00:00/P1Y,%,85.8,Percentage,,,,73.8,Percentage,,,,82.2,Percentage,,,
E06000058,"Bournemouth, Christchurch and Poole",County or Unitary Authority,2022-09-01T00:00:00/P1Y,%,83.0,Percentage,,,,71.8,Percentage,,,,79.9,Percentage,,,
E06000058,"Bournemouth, Christchurch and Poole",County or Unitary Authority,2021-09-01T00:00:00/P1Y,%,83.0,Percentage,,,,69.9,Percentage,,,,78.1,Percentage,,,
E06000023,"Bristol, City of",County or Unitary Authority,2021-09-01T00:00:00/P1Y,%,79.4,Percentage,,,,68.2,Percentage,,,,76.1,Percentage,,,
E06000023,"Bristol, City of",County or Unitary Authority,2022-09-01T00:00:00/P1Y,%,79.4,Percentage,,,,69.2,Percentage,,,,76.4,Percentage,,,
E06000052,Cornwall,County or Unitary Authority,2021-09-01T00:00:00/P1Y,%,81.9,Percentage,,,,69.4,Percentage,,,,78.4,Percentage,,,
E06000052,Cornwall,County or Unitary Authority,2022-09-01T00:00:00/P1Y,%,82.3,Percentage,,,,71.2,Percentage,,,,79.4,Percentage,,,
E06000059,Dorset,County or Unitary Authority,2022-09-01T00:00:00/P1Y,%,83.7,Percentage,,,,71.0,Percentage,,,,80.1,Percentage,,,
E06000059,Dorset,County or Unitary Authority,2021-09-01T00:00:00/P1Y,%,83.5,Percentage,,,,69.7,Percentage,,,,77.7,Percentage,,,
E06000053,Isles of Scilly,County or Unitary Authority,2022-09-01T00:00:00/P1Y,%,69.2,Percentage,,,,76.9,Percentage,,,,84.6,Percentage,,,
E06000053,Isles of Scilly,County or Unitary Authority,2021-09-01T00:00:00/P1Y,%,100.0,Percentage,,,,80.0,Percentage,,,,100.0,Percentage,,,
E06000024,North Somerset,County or Unitary Authority,2022-09-01T00:00:00/P1Y,%,84.4,Percentage,,,,75.0,Percentage,,,,81.8,Percentage,,,
E06000024,North Somerset,County or Unitary Authority,2021-09-01T00:00:00/P1Y,%,85.6,Percentage,,,,74.7,Percentage,,,,82.7,Percentage,,,
E06000026,Plymouth,County or Unitary Authority,2021-09-01T00:00:00/P1Y,%,78.4,Percentage,,,,66.6,Percentage,,,,75.1,Percentage,,,
E06000026,Plymouth,County or Unitary Authority,2022-09-01T00:00:00/P1Y,%,77.4,Percentage,,,,67.4,Percentage,,,,76.4,Percentage,,,
E06000066,Somerset ,County or Unitary Authority,2021-09-01T00:00:00/P1Y,%,81.1,Percentage,,,,67.8,Percentage,,,,76.8,Percentage,,,
E06000066,Somerset ,County or Unitary Authority,2022-09-01T00:00:00/P1Y,%,81.1,Percentage,,,,70.7,Percentage,,,,78.2,Percentage,,,
E06000025,South Gloucestershire,County or Unitary Authority,2021-09-01T00:00:00/P1Y,%,83.3,Percentage,,,,72.7,Percentage,,,,80.3,Percentage,,,
E06000025,South Gloucestershire,County or Unitary Authority,2022-09-01T00:00:00/P1Y,%,83.8,Percentage,,,,75.0,Percentage,,,,81.6,Percentage,,,
E06000030,Swindon,County or Unitary Authority,2022-09-01T00:00:00/P1Y,%,79.8,Percentage,,,,69.1,Percentage,,,,75.4,Percentage,,,
E06000030,Swindon,County or Unitary Authority,2021-09-01T00:00:00/P1Y,%,79.1,Percentage,,,,67.5,Percentage,,,,75.5,Percentage,,,
E06000027,Torbay,County or Unitary Authority,2021-09-01T00:00:00/P1Y,%,78.8,Percentage,,,,68.1,Percentage,,,,74.9,Percentage,,,
E06000027,Torbay,County or Unitary Authority,2022-09-01T00:00:00/P1Y,%,74.8,Percentage,,,,66.0,Percentage,,,,75.0,Percentage,,,
E06000054,Wiltshire,County or Unitary Authority,2022-09-01T00:00:00/P1Y,%,82.8,Percentage,,,,71.8,Percentage,,,,80.5,Percentage,,,
E06000054,Wiltshire,County or Unitary Authority,2021-09-01T00:00:00/P1Y,%,83.3,Percentage,,,,69.9,Percentage,,,,79.7,Percentage,,,
E10000008,Devon,County or Unitary Authority,2022-09-01T00:00:00/P1Y,%,80.6,Percentage,,,,70.7,Percentage,,,,79.1,Percentage,,,
E10000008,Devon,County or Unitary Authority,2021-09-01T00:00:00/P1Y,%,80.7,Percentage,,,,69.7,Percentage,,,,78.8,Percentage,,,
E07000040,East Devon,Local Authority District,2022-09-01T00:00:00/P1Y,%,80.0,Percentage,,,,71.3,Percentage,,,,78.8,Percentage,,,
E07000040,East Devon,Local Authority District,2021-09-01T00:00:00/P1Y,%,82.5,Percentage,,,,70.6,Percentage,,,,81.0,Percentage,,,
E07000041,Exeter,Local Authority District,2021-09-01T00:00:00/P1Y,%,78.0,Percentage,,,,68.5,Percentage,,,,78.3,Percentage,,,
E07000041,Exeter,Local Authority District,2022-09-01T00:00:00/P1Y,%,77.9,Percentage,,,,66.9,Percentage,,,,76.7,Percentage,,,
E07000042,Mid Devon,Local Authority District,2021-09-01T00:00:00/P1Y,%,80.0,Percentage,,,,69.5,Percentage,,,,77.1,Percentage,,,
E07000042,Mid Devon,Local Authority District,2022-09-01T00:00:00/P1Y,%,81.1,Percentage,,,,70.2,Percentage,,,,80.1,Percentage,,,
E07000043,North Devon,Local Authority District,2022-09-01T00:00:00/P1Y,%,79.0,Percentage,,,,69.5,Percentage,,,,78.6,Percentage,,,
E07000043,North Devon,Local Authority District,2021-09-01T00:00:00/P1Y,%,79.2,Percentage,,,,66.6,Percentage,,,,76.5,Percentage,,,
E07000044,South Hams,Local Authority District,2022-09-01T00:00:00/P1Y,%,86.1,Percentage,,,,78.2,Percentage,,,,84.9,Percentage,,,
E07000044,South Hams,Local Authority District,2021-09-01T00:00:00/P1Y,%,86.5,Percentage,,,,77.8,Percentage,,,,86.2,Percentage,,,
E07000045,Teignbridge,Local Authority District,2022-09-01T00:00:00/P1Y,%,81.4,Percentage,,,,72.5,Percentage,,,,80.3,Percentage,,,
E07000045,Teignbridge,Local Authority District,2021-09-01T00:00:00/P1Y,%,80.9,Percentage,,,,71.1,Percentage,,,,80.0,Percentage,,,
E07000046,Torridge,Local Authority District,2021-09-01T00:00:00/P1Y,%,77.7,Percentage,,,,65.6,Percentage,,,,71.6,Percentage,,,
E07000046,Torridge,Local Authority District,2022-09-01T00:00:00/P1Y,%,79.7,Percentage,,,,65.2,Percentage,,,,74.7,Percentage,,,
E07000047,West Devon,Local Authority District,2022-09-01T00:00:00/P1Y,%,80.6,Percentage,,,,69.5,Percentage,,,,76.5,Percentage,,,
E07000047,West Devon,Local Authority District,2021-09-01T00:00:00/P1Y,%,79.8,Percentage,,,,66.5,Percentage,,,,75.3,Percentage,,,
E10000013,Gloucestershire,County or Unitary Authority,2021-09-01T00:00:00/P1Y,%,82.6,Percentage,,,,71.0,Percentage,,,,78.6,Percentage,,,
E10000013,Gloucestershire,County or Unitary Authority,2022-09-01T00:00:00/P1Y,%,82.7,Percentage,,,,72.1,Percentage,,,,78.9,Percentage,,,
E07000078,Cheltenham,Local Authority District,2022-09-01T00:00:00/P1Y,%,82.8,Percentage,,,,73.0,Percentage,,,,79.5,Percentage,,,
E07000078,Cheltenham,Local Authority District,2021-09-01T00:00:00/P1Y,%,81.7,Percentage,,,,70.2,Percentage,,,,77.6,Percentage,,,
E07000079,Cotswold,Local Authority District,2021-09-01T00:00:00/P1Y,%,85.3,Percentage,,,,75.0,Percentage,,,,81.2,Percentage,,,
E07000079,Cotswold,Local Authority District,2022-09-01T00:00:00/P1Y,%,84.6,Percentage,,,,74.8,Percentage,,,,80.5,Percentage,,,
E07000080,Forest of Dean,Local Authority District,2021-09-01T00:00:00/P1Y,%,80.7,Percentage,,,,65.5,Percentage,,,,75.5,Percentage,,,
E07000080,Forest of Dean,Local Authority District,2022-09-01T00:00:00/P1Y,%,79.7,Percentage,,,,68.5,Percentage,,,,74.7,Percentage,,,
E07000081,Gloucester,Local Authority District,2021-09-01T00:00:00/P1Y,%,80.1,Percentage,,,,69.2,Percentage,,,,76.8,Percentage,,,
E07000081,Gloucester,Local Authority District,2022-09-01T00:00:00/P1Y,%,79.9,Percentage,,,,69.6,Percentage,,,,75.8,Percentage,,,
E07000082,Stroud,Local Authority District,2021-09-01T00:00:00/P1Y,%,84.8,Percentage,,,,72.2,Percentage,,,,80.1,Percentage,,,
E07000082,Stroud,Local Authority District,2022-09-01T00:00:00/P1Y,%,84.1,Percentage,,,,72.9,Percentage,,,,80.8,Percentage,,,
E07000083,Tewkesbury,Local Authority District,2021-09-01T00:00:00/P1Y,%,83.8,Percentage,,,,74.4,Percentage,,,,80.7,Percentage,,,
E07000083,Tewkesbury,Local Authority District,2022-09-01T00:00:00/P1Y,%,86.4,Percentage,,,,75.2,Percentage,,,,82.8,Percentage,,,
E10000027,Somerset ,County or Unitary Authority,2022-09-01T00:00:00/P1Y,%,81.1,Percentage,,,,70.7,Percentage,,,,78.2,Percentage,,,
E10000027,Somerset ,County or Unitary Authority,2021-09-01T00:00:00/P1Y,%,81.1,Percentage,,,,67.8,Percentage,,,,76.8,Percentage,,,
E07000187,Mendip,Local Authority District,2021-09-01T00:00:00/P1Y,%,84.9,Percentage,,,,69.4,Percentage,,,,78.6,Percentage,,,
E07000187,Mendip,Local Authority District,2022-09-01T00:00:00/P1Y,%,83.2,Percentage,,,,72.4,Percentage,,,,78.5,Percentage,,,
E07000188,Sedgemoor,Local Authority District,2021-09-01T00:00:00/P1Y,%,78.9,Percentage,,,,66.6,Percentage,,,,75.8,Percentage,,,
E07000188,Sedgemoor,Local Authority District,2022-09-01T00:00:00/P1Y,%,79.3,Percentage,,,,69.2,Percentage,,,,77.4,Percentage,,,
E07000246,Somerset West and Taunton,Local Authority District,2021-09-01T00:00:00/P1Y,%,80.3,Percentage,,,,65.9,Percentage,,,,76.3,Percentage,,,
E07000246,Somerset West and Taunton,Local Authority District,2022-09-01T00:00:00/P1Y,%,80.0,Percentage,,,,69.3,Percentage,,,,77.2,Percentage,,,
E07000189,South Somerset,Local Authority District,2022-09-01T00:00:00/P1Y,%,82.2,Percentage,,,,72.1,Percentage,,,,79.6,Percentage,,,
E07000189,South Somerset,Local Authority District,2021-09-01T00:00:00/P1Y,%,80.8,Percentage,,,,69.5,Percentage,,,,76.6,Percentage,,,
